,max,min,mean,std
temperature_2m (°C)_min,29.0,5.9,22.538775606310214,3.3140277528389834
temperature_2m (°C)_mean,31.645833333333332,8.195833333333333,24.790660466211488,3.134622284683266
temperature_2m (°C)_max,36.2,9.5,27.38833058629636,3.228319533893178
relative_humidity_2m (%)_min,95.0,28.0,71.07793736755357,8.796755437292378
relative_humidity_2m (%)_mean,97.95833333333333,50.458333333333336,82.1813279962331,6.625418606436266
relative_humidity_2m (%)_max,100.0,62.0,91.65481516364493,5.856335916132811
precipitation (mm)_min,4.1,0.0,0.02408288203437737,0.17817905478823487
precipitation (mm)_mean,10.895833333333334,0.0,0.24952652852993665,0.6814596270776264
precipitation (mm)_max,30.2,0.0,1.004869319519639,2.018898660620016
wu_min,21.795995950261133,-63.84769711770741,-9.737137389974798,8.057342211011184
wu_mean,31.868801426949755,-42.277444540530574,-4.71977683202549,8.140463653551874
wu_max,52.90270988248246,-32.79500440112963,0.6736456348730516,9.15913595033436
wv_min,26.28397875060222,-79.0,-12.15922101612483,11.117301897721818
wv_mean,32.606558077244614,-50.95201634155475,-5.7546942024856005,10.374284296105186
wv_max,60.05826268505566,-45.57399534388708,0.7153752407134946,10.425194051200402
