站號,站名,日期,lat,lon,BLBTSLS
G2AI50,關渡,2025-12-29,25.11575,121.492,0.025221385
C0S890,關山,2025-12-29,23.0395,121.175017,5.784627e-10
C0D480,打鐵坑,2025-12-29,24.849664,121.150789,3.51427e-08
C0R260,春日,2025-12-29,22.370361,120.628306,4.1630074e-10
C0SA40,瑞和,2025-12-29,22.974361,121.156697,5.744868e-10
V2C260,八德蔬果,2025-12-29,24.978508,121.281819,6.964827e-07
A2K570,古坑花卉中心,2025-12-29,23.63353,120.55239,1.0283525e-07
C1V570,吉東,2025-12-29,22.85422,120.5454,5.778639e-10
C1O850,環湖,2025-12-29,23.148617,120.418633,6.170248e-10
C0R550,新埤,2025-12-29,22.467947,120.582894,4.696809e-10
C1I260,北坑,2025-12-29,23.9246,121.006903,3.3197986e-10
C1O880,關山,2025-12-29,23.173397,120.594092,2.7401523e-10
V2C250,八德合作社,2025-12-29,24.93775,121.266389,5.68386e-08
V2K610,大庄合作社,2025-12-29,23.8068,120.367939,3.2961417e-08
C1S800,華源,2025-12-29,22.657883,121.02325,1.1247027e-09
C1I211,蘆竹湳,2025-12-29,23.934019,120.811994,3.1668437e-10
C0D430,峨眉,2025-12-29,24.6905,121.017189,6.5880434e-10
C0R490,九如,2025-12-29,22.7405,120.490503,1.1253077e-09
C0C480,桃園,2025-12-29,24.992425,121.323172,6.964827e-07
CAH030,茶改場竹圍站,2025-12-29,23.860083,120.637528,4.116281e-10
467571,新竹,2025-12-29,24.827853,121.014219,0.0010189683
C1I240,外大坪,2025-12-29,23.958697,120.917931,4.1986442e-10
