站號,站名,lat,lon,日期,BlastGAT
12J990,口湖工作站,23.589978,120.180394,2026-08-13,0.9999732971
12Q970,東港工作站,22.479997,120.466058,2026-08-13,0.9999575615
12Q980,恆春工作站,22.079678,120.714425,2026-08-13,0.9999313354
42HA10,萬大發電廠,23.978875,121.139639,2026-08-13,0.9924156666
466850,五分山雷達站,25.071182,121.781205,2026-08-13,0.9989105463
466881,新北,24.959207,121.525196,2026-08-13,0.9999420643
466900,淡水,25.164889,121.448906,2026-08-13,0.999974966
466910,鞍部,25.182586,121.529731,2026-08-13,0.9877054691
466920,臺北,25.037658,121.514853,2026-08-13,0.9999419451
466930,竹子湖,25.162078,121.544547,2026-08-13,0.9984071851
466940,基隆,25.133314,121.740475,2026-08-13,0.9999899864
466950,彭佳嶼,25.627975,122.079744,2026-08-13,0.9996242523
466990,花蓮,23.975128,121.613275,2026-08-13,0.9999878407
467050,新屋,25.006725,121.047492,2026-08-13,0.9999244213
467080,宜蘭,24.763975,121.756528,2026-08-13,0.9998959303
467110,金門,24.407306,118.289281,2026-08-13,0.9999065399
467270,田中,23.873803,120.581286,2026-08-13,0.9999761581
467280,後龍,24.648563,120.831834,2026-08-13,0.9999479055
467290,古坑,23.633536,120.551906,2026-08-13,0.9999574423
467300,東吉島,23.25727,119.66762,2026-08-13,0.9997722507
467350,澎湖,23.565503,119.563094,2026-08-13,0.999730289
467410,臺南,22.99328,120.20492,2026-08-13,0.9999769926
467420,永康,23.038386,120.2367,2026-08-13,0.9999785423
467441,高雄,22.730432,120.312516,2026-08-13,0.9999703169
467480,嘉義,23.495925,120.432906,2026-08-13,0.9999563694
467490,臺中,24.145736,120.684075,2026-08-13,0.9999427795
467530,阿里山,23.508208,120.813242,2026-08-13,0.0463754646
467540,大武,22.35572,120.90374,2026-08-13,0.9999810457
467550,玉山,23.48718,120.95943,2026-08-13,1.73478e-05
467571,新竹,24.828575,121.01455,2026-08-13,0.9998949766
467590,恆春,22.003897,120.746339,2026-08-13,0.9998885393
467610,成功,23.097486,121.373428,2026-08-13,0.9999623299
467620,蘭嶼,22.0369,121.55843,2026-08-13,0.9980829954
467650,日月潭,23.881325,120.90805,2026-08-13,0.9951760769
467660,臺東,22.752211,121.154586,2026-08-13,0.9998954535
467790,墾丁雷達站,21.948235,120.808028,2026-08-13,0.9998581409
467990,馬祖,26.169467,119.923158,2026-08-13,0.9995631576
72AI40,桃改樹林分場,24.944503,121.386972,2026-08-13,0.9999350309
72C440,桃園農改場,24.950944,121.030583,2026-08-13,0.9998908043
72D080,桃改五峰分場,24.612194,121.157167,2026-08-13,0.9953731894
72D680,桃改新埔分場,24.834444,121.066111,2026-08-13,0.9998685122
72G600,臺中農改場,24.003028,120.534389,2026-08-13,0.9999676943
72HA00,中改埔里分場,23.903208,120.963364,2026-08-13,0.9993693233
72K220,南改斗南分場,23.634556,120.477333,2026-08-13,0.9999706745
72M360,南改義竹分場,23.360694,120.279361,2026-08-13,0.9999740124
72M700,南改鹿草分場,23.416869,120.283061,2026-08-13,0.999980092
72N100,臺南農改場,23.0605,120.342194,2026-08-13,0.9999783039
72N240,七股研究中心,23.081672,120.062894,2026-08-13,0.9999761581
72Q010,高雄農改場,22.709333,120.525889,2026-08-13,0.9999812841
72S200,東改班鳩分場,22.829528,121.077694,2026-08-13,0.9995212555
72S590,東改賓朗果園,22.813889,121.071278,2026-08-13,0.9993433356
72T250,花蓮農改場,23.975222,121.563889,2026-08-13,0.9999420643
72U480,花改蘭陽分場,24.686306,121.716583,2026-08-13,0.9998724461
72V140,高改旗南分場,22.857861,120.516667,2026-08-13,0.9999742508
82A750,茶改北部分場,24.955778,121.631222,2026-08-13,0.9998986721
82C160,茶改場,24.908472,121.185333,2026-08-13,0.9998787642
82H320,茶改中部分場,23.875611,120.913583,2026-08-13,0.9982855916
82H840,茶改南部分場,23.762528,120.7405,2026-08-13,0.9998965263
82S580,茶改東部分場,22.907694,121.130139,2026-08-13,0.99984622
A2C560,農工中心,24.985917,121.239833,2026-08-13,0.9998987913
A2K360,水試臺西試驗場,23.717231,120.190522,2026-08-13,0.9999701977
A2K570,古坑(花卉中心),23.633531,120.552392,2026-08-13,0.9999574423
A2K630,臺大雲林校區,23.730628,120.423903,2026-08-13,0.9999729395
A2N290,臺南蘭花園區,23.340258,120.379661,2026-08-13,0.9999802113
B2E890,畜試北區分所,24.527806,120.770972,2026-08-13,0.999915719
B2N890,畜產試驗所,23.058972,120.336406,2026-08-13,0.9999791384
B2Q810,畜試南區分所,21.945583,120.802167,2026-08-13,0.9998748302
B2U990,畜試東區分所,24.669039,121.832561,2026-08-13,0.9999325275
C0A520,山佳,24.974944,121.402008,2026-08-13,0.9999388456
C0A530,坪林,24.938183,121.70975,2026-08-13,0.9999520779
C0A550,泰平,24.971197,121.823711,2026-08-13,0.9999006987
C0A570,桶後,24.848222,121.597992,2026-08-13,0.9999867678
C0A640,石碇,24.993969,121.662917,2026-08-13,0.9999728203
C0A770,科教館,25.096356,121.516507,2026-08-13,0.9999449253
C0A860,大坪,25.165914,121.632969,2026-08-13,0.9998854399
C0A870,五指山,25.132153,121.608692,2026-08-13,0.9975792766
C0A890,雙溪,25.036003,121.864242,2026-08-13,0.9999834299
C0A931,三和,25.233153,121.595236,2026-08-13,0.9998959303
C0A940,金山,25.223628,121.643967,2026-08-13,0.9999769926
C0A950,鼻頭角,25.129036,121.923372,2026-08-13,0.99992311
C0A970,三貂角,25.007606,122.002058,2026-08-13,0.9998663664
C0A980,社子,25.109508,121.469681,2026-08-13,0.9999517202
C0A9C0,天母,25.117494,121.537169,2026-08-13,0.9999511242
C0A9F0,內湖,25.079422,121.57545,2026-08-13,0.9999520779
C0AC40,大屯山,25.175675,121.522408,2026-08-13,0.9308338165
C0AC60,三峽,24.939025,121.369728,2026-08-13,0.9999588728
C0AC70,信義,25.037822,121.564597,2026-08-13,0.9999520779
C0AC80,文山,25.00235,121.575728,2026-08-13,0.9999451637
C0ACA0,新莊,25.051478,121.446756,2026-08-13,0.9999361038
C0AD10,八里,25.150211,121.403947,2026-08-13,0.999961257
C0AD30,蘆洲,25.086594,121.472331,2026-08-13,0.9999433756
C0AD40,土城,24.973208,121.445169,2026-08-13,0.9999449253
C0AD50,鶯歌,24.951533,121.346294,2026-08-13,0.9999622107
C0AG80,中和,24.991622,121.491792,2026-08-13,0.9999449253
C0AH00,汐止,25.066881,121.658778,2026-08-13,0.9999910593
C0AH10,永和,25.01125,121.508111,2026-08-13,0.9999462366
C0AH30,五分山,25.07125,121.780794,2026-08-13,0.9990025163
C0AH40,平等,25.129142,121.577086,2026-08-13,0.9996096492
C0AH50,林口,25.072181,121.38084,2026-08-13,0.9996592999
C0AH70,松山,25.04871,121.55042,2026-08-13,0.9999419451
C0AH80,深坑,25.002703,121.628328,2026-08-13,0.9999885559
C0AH90,福山植物園,24.760717,121.58135,2026-08-13,0.9998567104
C0AI00,五股,25.07445,121.42728,2026-08-13,0.9998118281
C0AI10,屈尺,24.92184,121.54475,2026-08-13,0.9999314547
C0AI20,白沙灣,25.283128,121.519058,2026-08-13,0.9999593496
C0AI30,三重,25.057328,121.500629,2026-08-13,0.9999449253
C0AI40,石牌,25.115597,121.513139,2026-08-13,0.9999520779
C0AJ20,野柳,25.20703,121.690021,2026-08-13,0.999974966
C0AJ30,淡水觀海,25.184591,121.408616,2026-08-13,0.9999626875
C0AJ40,石門,25.273672,121.601198,2026-08-13,0.9998986721
C0AJ50,水湳洞,25.123695,121.862238,2026-08-13,0.9999862909
C0AJ60,六塊厝,25.24,121.4481,2026-08-13,0.9999728203
C0AJ70,田寮,25.2698,121.4886,2026-08-13,0.9999600649
C0AJ80,板橋,25.0107,121.4489,2026-08-13,0.9999449253
C0AJ90,澳底,25.0552,121.9253,2026-08-13,0.9999870062
C0AK10,太平里,25.134937,121.364899,2026-08-13,0.9998650551
C0AK30,硬漢嶺,25.136097,121.426372,2026-08-13,0.9984098673
C0B010,七堵,25.094819,121.71713,2026-08-13,0.9999880791
C0B020,基隆嶼,25.19141,121.78391,2026-08-13,0.9999886751
C0B040,大武崙,25.166676,121.706993,2026-08-13,0.9999712706
C0B050,八斗子,25.144754,121.79167,2026-08-13,0.9999905825
C0B060,暖暖,25.0957,121.7403,2026-08-13,0.9999799728
C0C460,復興,24.820208,121.352281,2026-08-13,0.9997801185
C0C490,八德,24.928708,121.283289,2026-08-13,0.9999160767
C0C620,蘆竹,25.084275,121.265767,2026-08-13,0.9999196529
C0C630,大溪,24.882853,121.265547,2026-08-13,0.9999040365
C0C650,平鎮,24.897503,121.214636,2026-08-13,0.9998784065
C0C660,楊梅,24.912375,121.143047,2026-08-13,0.9998983145
C0C670,龍潭,24.870056,121.221389,2026-08-13,0.9999289513
C0C680,龜山,25.02846,121.38656,2026-08-13,0.9997138381
C0C700,中壢,24.977661,121.256375,2026-08-13,0.9999270439
C0C710,大溪永福,24.892936,121.324975,2026-08-13,0.9999240637
C0C720,竹圍,25.112692,121.239824,2026-08-13,0.9999394417
C0C730,中大臨海站,24.966126,121.008581,2026-08-13,0.9999316931
C0C740,觀音工業區,25.064764,121.114856,2026-08-13,0.9999217987
C0C750,新興坑尾,25.0061,121.0971,2026-08-13,0.999891758
C0C790,東眼山,24.8284,121.40888,2026-08-13,0.9993294477
C0C800,四稜,24.64733,121.4293,2026-08-13,0.9958055019
C0D360,梅花,24.678347,121.208558,2026-08-13,0.9994564652
C0D540,橫山,24.71116,121.11693,2026-08-13,0.9998113513
C0D550,雪霸,24.526972,121.11605,2026-08-13,0.2184967101
C0D560,竹東,24.767147,121.057881,2026-08-13,0.999900341
C0D580,寶山,24.735006,121.025192,2026-08-13,0.9998700619
C0D590,新豐,24.87068,120.97721,2026-08-13,0.9998351336
C0D650,湖口,24.904794,121.043628,2026-08-13,0.999869585
C0D660,新竹市東區,24.798681,120.986942,2026-08-13,0.9999089241
C0D670,海天一線,24.831986,120.914438,2026-08-13,0.9999127388
C0D680,香山濕地,24.783581,120.914988,2026-08-13,0.9999204874
C0D690,外湖,24.917735,120.968711,2026-08-13,0.9999204874
C0D700,關西,24.7977,121.1732,2026-08-13,0.9999608994
C0D750,樂山林道6k,24.49999,121.08773,2026-08-13,0.1036393195
C0D760,大坪苗圃,24.5362,121.1108,2026-08-13,0.939340353
C0E550,明德,24.583486,120.885411,2026-08-13,0.9999517202
C0E570,白沙屯,24.549447,120.696803,2026-08-13,0.9999493361
C0E590,通霄,24.471892,120.704622,2026-08-13,0.9999294281
C0E610,馬都安,24.451272,120.930192,2026-08-13,0.99784863
C0E730,頭份,24.688247,120.912206,2026-08-13,0.9999134541
C0E740,造橋,24.637056,120.864778,2026-08-13,0.9999102354
C0E750,苗栗,24.564569,120.824575,2026-08-13,0.9999287128
C0E780,銅鑼,24.489681,120.790853,2026-08-13,0.9998707771
C0E791,卓蘭,24.3126,120.8244,2026-08-13,0.9996317625
C0E810,西湖,24.562947,120.7485,2026-08-13,0.9999380112
C0E820,獅潭,24.539133,120.920042,2026-08-13,0.99984622
C0E830,苑裡,24.439714,120.653053,2026-08-13,0.9999395609
C0E850,大河,24.618069,120.948578,2026-08-13,0.999884963
C0E870,高鐵苗栗,24.60725,120.826094,2026-08-13,0.9999499321
C0E910,海埔,24.648767,120.772435,2026-08-13,0.9999575615
C0E920,通霄漁港,24.498589,120.673876,2026-08-13,0.9999448061
C0E930,龍鳳,24.700034,120.859125,2026-08-13,0.9999233484
C0E940,雪見,24.42595,121.01347,2026-08-13,0.0887387842
C0E950,松安,24.39792,120.98599,2026-08-13,0.9556808472
C0E960,觀霧分站,24.505781,121.113921,2026-08-13,0.6859333515
C0F0A0,雪山圈谷,24.388594,121.236339,2026-08-13,8.83494e-05
C0F0B0,石岡,24.276061,120.777644,2026-08-13,0.9997702241
C0F0C0,中坑,24.248517,120.903319,2026-08-13,0.9995071888
C0F0D0,審馬陣,24.381675,121.4203,2026-08-13,0.0010844314
C0F0E0,南湖圈谷,24.363714,121.444667,2026-08-13,2.11504e-05
C0F850,東勢,24.246428,120.833047,2026-08-13,0.9997013211
C0F970,大坑,24.173142,120.722289,2026-08-13,0.9999294281
C0F9I0,神岡,24.272481,120.658314,2026-08-13,0.9998941422
C0F9K0,大安,24.345061,120.588025,2026-08-13,0.9999386072
C0F9L0,后里,24.310436,120.729725,2026-08-13,0.9998142123
C0F9M0,豐原,24.254322,120.720692,2026-08-13,0.9998676777
C0F9N0,大里,24.092464,120.701378,2026-08-13,0.9999752045
C0F9O0,潭子,24.213106,120.703933,2026-08-13,0.9998898506
C0F9P0,清水,24.312297,120.562242,2026-08-13,0.9999475479
C0F9Q0,外埔,24.347817,120.705686,2026-08-13,0.9999015331
C0F9R0,龍井,24.184536,120.528972,2026-08-13,0.9999544621
C0F9S0,烏日,24.107058,120.624103,2026-08-13,0.9999667406
C0F9T0,西屯,24.179494,120.641275,2026-08-13,0.9999427795
C0F9U0,南屯,24.137006,120.637969,2026-08-13,0.999961853
C0F9V0,新社,24.200172,120.815806,2026-08-13,0.9990697503
C0F9X0,大雅(中科園區),24.21528,120.62445,2026-08-13,0.9999246597
C0F9Y0,桃山,24.432739,121.303808,2026-08-13,0.0004198181
C0F9Z0,雪山東峰,24.388792,121.268675,2026-08-13,0.000886056
C0FA10,松柏,24.429115,120.617482,2026-08-13,0.999946475
C0FA20,溫寮,24.372177,120.583125,2026-08-13,0.9999468327
C0FA30,梧棲,24.256003,120.523381,2026-08-13,0.9999544621
C0FA40,臺中電廠,24.2146,120.4907,2026-08-13,0.9999586344
C0FA50,霧峰,24.0419,120.6995,2026-08-13,0.9999734163
C0FA60,鞍馬山工作站,24.267064,121.000793,2026-08-13,0.0495600738
C0FA70,大雪山埡口,24.26867,121.03062,2026-08-13,0.0074354182
C0FA80,小雪山天池,24.28025,121.02627,2026-08-13,0.0064720204
C0FA90,小雪山林道,24.29515,121.03651,2026-08-13,0.0010535426
C0FB00,大雪山,24.254668,121.007374,2026-08-13,0.0455546267
C0FB10,出雲山苗圃,24.23105,120.90475,2026-08-13,0.9995071888
C0FB20,雪山橋,24.23192,120.9786,2026-08-13,0.199961558
C0FB30,八仙山苗圃,24.192719,121.001366,2026-08-13,0.9996048808
C0FB40,中橫21.6k,24.2499,121.1455,2026-08-13,0.9940754175
C0FB70,大甲溪埔,24.370625,120.620067,2026-08-13,0.9999375343
C0G620,芬園,24.015678,120.6213,2026-08-13,0.9999570847
C0G650,員林,23.946503,120.585597,2026-08-13,0.9999694824
C0G660,溪湖,23.94835,120.479122,2026-08-13,0.9999660254
C0G720,溪州,23.851589,120.499093,2026-08-13,0.9999732971
C0G730,二林,23.903325,120.376081,2026-08-13,0.9999605417
C0G740,大城,23.852487,120.320935,2026-08-13,0.9999630451
C0G770,福興,24.041289,120.437669,2026-08-13,0.9999598265
C0G780,秀水,24.03405,120.503869,2026-08-13,0.9999676943
C0G800,埔鹽,24.000394,120.431683,2026-08-13,0.9999598265
C0G810,埔心,23.947633,120.525456,2026-08-13,0.9999649525
C0G820,田尾,23.901669,120.509389,2026-08-13,0.9999649525
C0G830,埤頭,23.866003,120.452806,2026-08-13,0.99997437
C0G860,社頭,23.897647,120.5862,2026-08-13,0.9999701977
C0G880,二水,23.810742,120.6173,2026-08-13,0.9999624491
C0G890,伸港,24.148933,120.484403,2026-08-13,0.9999593496
C0G900,線西,24.143358,120.443536,2026-08-13,0.9999606609
C0G910,花壇,24.032076,120.549461,2026-08-13,0.9999667406
C0G920,永靖,23.924703,120.547533,2026-08-13,0.999963522
C0G940,竹塘,23.848253,120.386764,2026-08-13,0.9999690056
C0G950,防潮門,24.1835,120.4871,2026-08-13,0.9999606609
C0G960,福寶,24.0443,120.3814,2026-08-13,0.9999617338
C0G970,三豐,23.882,120.2895,2026-08-13,0.9999659061
C0G9B0,和美,24.105169,120.492131,2026-08-13,0.9999580383
C0H890,埔里,23.972169,120.952425,2026-08-13,0.9998090863
C0H960,草屯,23.973672,120.68085,2026-08-13,0.9999636412
C0H990,昆陽,24.121322,121.273642,2026-08-13,0.0008925025
C0H9A0,神木村,23.532742,120.843667,2026-08-13,0.9361021519
C0H9C0,合歡山,24.143442,121.272547,2026-08-13,0.0001011455
C0H9Z0,鹿林山,23.468688,120.873288,2026-08-13,0.0032996016
C0HA10,奧萬大,23.95294,121.17847,2026-08-13,0.998927772
C0HA20,杉林溪大飯店,23.63427,120.79128,2026-08-13,0.8195790648
C0I010,廬山,24.033311,121.181808,2026-08-13,0.9918335676
C0I080,信義,23.689694,120.851036,2026-08-13,0.9998487234
C0I110,竹山,23.761225,120.688156,2026-08-13,0.9999729395
C0I360,水里,23.812553,120.849792,2026-08-13,0.9999554157
C0I370,魚池,23.895703,120.94135,2026-08-13,0.9992746711
C0I380,集集,23.828206,120.801467,2026-08-13,0.9999601841
C0I390,仁愛,24.022122,121.132206,2026-08-13,0.9815215468
C0I410,名間,23.837053,120.701447,2026-08-13,0.9999758005
C0I420,國姓,24.037803,120.855072,2026-08-13,0.9999200106
C0I460,南投,23.911469,120.687331,2026-08-13,0.9999647141
C0I480,梅峰,24.085272,121.173572,2026-08-13,0.3100579381
C0I490,萬大林道,23.928228,121.091411,2026-08-13,0.4941527247
C0I520,玉山風口,23.470489,120.955994,2026-08-13,1.63392e-05
C0I530,小奇萊,24.131764,121.295717,2026-08-13,0.0003844894
C0I540,奇萊稜線,24.109231,121.326456,2026-08-13,0.0002658103
C0K291,宜梧,23.536281,120.169329,2026-08-13,0.9999742508
C0K330,虎尾,23.719183,120.442036,2026-08-13,0.9999717474
C0K390,土庫,23.679029,120.395574,2026-08-13,0.9999722242
C0K400,斗六,23.720583,120.541127,2026-08-13,0.9999727011
C0K410,北港,23.573957,120.292802,2026-08-13,0.9999774694
C0K420,西螺,23.800407,120.467394,2026-08-13,0.999973774
C0K430,褒忠,23.690938,120.303634,2026-08-13,0.9999731779
C0K440,二崙,23.772797,120.408944,2026-08-13,0.9999755621
C0K450,大埤,23.646074,120.431537,2026-08-13,0.9999728203
C0K460,斗南,23.678734,120.478359,2026-08-13,0.999971509
C0K470,林內,23.748675,120.609642,2026-08-13,0.9999617338
C0K480,莿桐,23.761192,120.502372,2026-08-13,0.999973774
C0K500,元長,23.642858,120.31966,2026-08-13,0.9999719858
C0K510,水林,23.572924,120.24597,2026-08-13,0.9999781847
C0K530,臺西,23.701547,120.197559,2026-08-13,0.9999690056
C0K550,蔦松,23.514319,120.229736,2026-08-13,0.9999768734
C0K560,棋山,23.68645,120.603417,2026-08-13,0.9999570847
C0K580,高鐵雲林,23.737456,120.417944,2026-08-13,0.9999736547
C0K590,雲林東勢,23.674192,120.255721,2026-08-13,0.9999719858
C0K600,箔子寮,23.6197,120.14,2026-08-13,0.9999732971
C0M520,東後寮,23.369908,120.248065,2026-08-13,0.9999750853
C0M640,中埔,23.42538,120.5229,2026-08-13,0.9998848438
C0M650,朴子,23.43463,120.23902,2026-08-13,0.9999808073
C0M660,溪口,23.604131,120.403569,2026-08-13,0.9999577999
C0M670,大林,23.600616,120.45841,2026-08-13,0.9999548197
C0M680,太保,23.455062,120.331455,2026-08-13,0.9999806881
C0M690,水上,23.419734,120.388909,2026-08-13,0.9999577999
C0M700,竹崎,23.526178,120.555508,2026-08-13,0.99989748
C0M710,東石,23.458927,120.15385,2026-08-13,0.9999753237
C0M720,番路,23.464657,120.554156,2026-08-13,0.9998761415
C0M730,嘉義市東區,23.457673,120.460531,2026-08-13,0.9999402761
C0M740,六腳,23.492871,120.290625,2026-08-13,0.9999810457
C0M750,布袋,23.380878,120.167789,2026-08-13,0.9999765158
C0M760,民雄,23.551754,120.428457,2026-08-13,0.9999548197
C0M770,嘉義梅山,23.585398,120.555587,2026-08-13,0.9998978376
C0M780,鹿草,23.41134,120.30835,2026-08-13,0.9999792576
C0M790,新港,23.553269,120.345728,2026-08-13,0.9999793768
C0M800,茶山,23.299075,120.664767,2026-08-13,0.9998394251
C0M820,達邦,23.453994,120.749517,2026-08-13,0.9985858202
C0M850,表湖,23.24186,120.64166,2026-08-13,0.9988723397
C0M860,新美,23.338017,120.683169,2026-08-13,0.9996976852
C0M880,好美里,23.3364,120.138,2026-08-13,0.9999759197
C0M9H0,水社寮,23.50418,120.66035,2026-08-13,0.994951129
C0M9J0,交力坪,23.53168,120.64356,2026-08-13,0.9984252453
C0M9K0,二萬平,23.50839,120.79011,2026-08-13,0.1464220583
C0N010,鯤鯓國小,23.1879,120.0889,2026-08-13,0.9999768734
C0N020,城西,23.0568,120.0956,2026-08-13,0.9999747276
C0N030,四草,23.0235,120.1116,2026-08-13,0.9999761581
C0N040,蘆竹溝,23.2344,120.0961,2026-08-13,0.9999768734
C0N050,蚵寮,23.301,120.1104,2026-08-13,0.9999759197
C0O830,北寮,23.079561,120.495008,2026-08-13,0.9999475479
C0O840,王爺宮,23.222064,120.40085,2026-08-13,0.9999704361
C0O860,大內,23.11885,120.36083,2026-08-13,0.9999783039
C0O900,善化,23.112883,120.297219,2026-08-13,0.9999811649
C0O960,崎頂,22.959547,120.369317,2026-08-13,0.9999687672
C0O970,虎頭埤,23.021375,120.347878,2026-08-13,0.9999712706
C0O980,新市,23.061614,120.298197,2026-08-13,0.9999805689
C0O990,媽廟,22.99175,120.293525,2026-08-13,0.9999778271
C0R100,尾寮山,22.833111,120.683889,2026-08-13,0.999622941
C0R120,上德文,22.76336,120.70458,2026-08-13,0.9999036789
C0R130,阿禮,22.742908,120.743678,2026-08-13,0.9996477365
C0R140,瑪家,22.682903,120.686639,2026-08-13,0.999973774
C0R150,三地門,22.709889,120.639944,2026-08-13,0.9999523163
C0R160,鹽埔,22.739558,120.530778,2026-08-13,0.9999812841
C0R190,赤山,22.592333,120.614306,2026-08-13,0.9999426603
C0R220,潮州,22.534361,120.54,2026-08-13,0.9999573231
C0R270,琉球嶼,22.332244,120.362236,2026-08-13,0.9998538494
C0R280,檳榔,22.076078,120.836777,2026-08-13,0.9997146726
C0R320,車城,22.0744,120.716247,2026-08-13,0.9999313354
C0R341,牡丹,22.130036,120.792639,2026-08-13,0.9999123812
C0R350,貓鼻頭,21.921774,120.7358,2026-08-13,0.9998887777
C0R440,大漢山,22.405264,120.753181,2026-08-13,0.5193298459
C0R470,高樹,22.826389,120.600806,2026-08-13,0.9999675751
C0R480,長治,22.693128,120.542622,2026-08-13,0.9999706745
C0R520,崁頂,22.514781,120.506914,2026-08-13,0.9999595881
C0R540,佳冬,22.419456,120.552375,2026-08-13,0.9999395609
C0R560,新園,22.5434,120.461558,2026-08-13,0.9999668598
C0R570,麟洛,22.65078,120.52719,2026-08-13,0.999984026
C0R580,南州,22.48591,120.50274,2026-08-13,0.9999575615
C0R590,里港,22.77919,120.49459,2026-08-13,0.9999797344
C0R600,舊泰武,22.588194,120.664944,2026-08-13,0.999778688
C0R620,墾雷,21.900836,120.855269,2026-08-13,0.9998693466
C0R640,東港,22.46247,120.44074,2026-08-13,0.9999632835
C0R650,竹田,22.58486,120.54344,2026-08-13,0.9999531507
C0R660,枋寮,22.367722,120.590647,2026-08-13,0.9999411106
C0R670,楓港,22.190131,120.692156,2026-08-13,0.999979496
C0R680,佳樂水,21.993578,120.861633,2026-08-13,0.9998748302
C0R690,墾丁,21.966756,120.810269,2026-08-13,0.9994163513
C0R700,枋山,22.247814,120.660794,2026-08-13,0.9999819994
C0R710,龍磐,21.931672,120.838942,2026-08-13,0.9998196959
C0R720,旭海,22.205403,120.887614,2026-08-13,0.9998816252
C0R730,大坪頂,22.024633,120.69355,2026-08-13,0.9998095632
C0R741,獅子,22.202308,120.705236,2026-08-13,0.9999746084
C0R750,四林格山,22.076989,120.802439,2026-08-13,0.9973867536
C0R760,南仁湖,22.084681,120.863353,2026-08-13,0.9993971586
C0R770,保力,22.071122,120.764111,2026-08-13,0.9998706579
C0R780,滿州,22.024403,120.839892,2026-08-13,0.9998624325
C0R790,九棚,22.14195,120.889281,2026-08-13,0.9997470975
C0R800,丹路,22.204481,120.750989,2026-08-13,0.9999581575
C0R810,內獅,22.305064,120.642986,2026-08-13,0.9999819994
C0R820,白鷺,22.454275,120.666219,2026-08-13,0.9999306202
C0R830,高士,22.121825,120.836781,2026-08-13,0.9990880489
C0R840,牡丹池山,22.168389,120.841225,2026-08-13,0.9992594123
C0R850,林邊,22.4634,120.5339,2026-08-13,0.9999562502
C0R860,鼻頭,22.1043,120.8979,2026-08-13,0.9999032021
C0R870,興海,21.9752,120.8439,2026-08-13,0.9998748302
C0R880,後壁湖,21.9457,120.7457,2026-08-13,0.9998984337
C0R890,山海,21.9878,120.7091,2026-08-13,0.9998984337
C0R900,竹坑,22.1385,120.7022,2026-08-13,0.999979496
C0R910,下寮,22.3929,120.5548,2026-08-13,0.9999412298
C0R920,塭仔,22.4169,120.5197,2026-08-13,0.9999427795
C0R930,萬丹,22.5885,120.4851,2026-08-13,0.9999716282
C0R940,加祿堂,22.3363,120.6217,2026-08-13,0.9999352694
C0R950,萬隆國小,22.507667,120.587817,2026-08-13,0.999920249
C0R960,內埔,22.608483,120.570714,2026-08-13,0.9999505281
C0S660,下馬,23.150427,121.070312,2026-08-13,0.9988474846
C0S690,太麻里,22.60902,120.98533,2026-08-13,0.9988591671
C0S700,知本,22.684866,121.005642,2026-08-13,0.9991968274
C0S710,鹿野,22.917711,121.122994,2026-08-13,0.9993863106
C0S730,綠島,22.6672,121.47533,2026-08-13,0.99978441
C0S740,池上,23.119628,121.209469,2026-08-13,0.9998912811
C0S750,向陽,23.248397,120.986133,2026-08-13,0.1317458451
C0S760,紅石,23.069131,121.126219,2026-08-13,0.9089637995
C0S770,大溪山,22.478475,120.943325,2026-08-13,0.9997879863
C0S790,金崙,22.538122,120.966875,2026-08-13,0.9997742772
C0S810,東河,22.972672,121.303986,2026-08-13,0.9999246597
C0S830,長濱,23.286817,121.411975,2026-08-13,0.9998669624
C0S840,南田,22.279725,120.889208,2026-08-13,0.9999709129
C0S900,蘭嶼高中,22.04909,121.51214,2026-08-13,0.9997827411
C0S910,蘭嶼燈塔,22.081197,121.503117,2026-08-13,0.999535799
C0S920,金峰嘉蘭,22.594789,120.960825,2026-08-13,0.999895215
C0S930,延平,22.902581,121.084058,2026-08-13,0.9997801185
C0S940,石寧山,23.223772,121.406639,2026-08-13,0.9999169111
C0S950,七塊厝,22.954453,121.229922,2026-08-13,0.9993869066
C0S960,香蘭,22.587569,120.993375,2026-08-13,0.9999361038
C0S970,加津林,22.416211,120.926942,2026-08-13,0.9997878671
C0S980,勝林山,22.430439,120.8938,2026-08-13,0.9992976189
C0S990,山豬窟,22.318619,120.857372,2026-08-13,0.9996683598
C0SA00,歷坵,22.520969,120.89185,2026-08-13,0.9999685287
C0SA10,檳榔四格山,22.810031,121.109308,2026-08-13,0.9988819957
C0SA20,金崙山,22.567419,120.959667,2026-08-13,0.9879513383
C0SA30,都歷,23.020333,121.323642,2026-08-13,0.9999283552
C0SA60,知本（水試所）,22.702394,121.082761,2026-08-13,0.999907732
C0SA80,土坂,22.453108,120.887572,2026-08-13,0.9999568462
C0SA90,達仁林場,22.264347,120.823972,2026-08-13,0.9992666841
C0SB10,美和,22.682078,121.060236,2026-08-13,0.9999034405
C0SB20,富岡,22.792467,121.192669,2026-08-13,0.9999448061
C0SB30,新蘭,22.869214,121.223228,2026-08-13,0.9999445677
C0SB40,興隆,22.913661,121.257469,2026-08-13,0.999936223
C0SB50,叭嗡嗡,23.047062,121.343223,2026-08-13,0.9999682903
C0SB60,白守蓮,23.126769,121.401914,2026-08-13,0.9999703169
C0SB70,小港漁港,23.158558,121.400431,2026-08-13,0.9999685287
C0SB80,長濱漁港,23.313644,121.459994,2026-08-13,0.9999630451
C0SD20,富山,22.822383,121.190825,2026-08-13,0.9999508858
C0SD30,東清國小,22.057128,121.564922,2026-08-13,0.9997757077
C0SD40,牛頭山,22.676661,121.506944,2026-08-13,0.9998557568
C0SD90,龍泉苗圃,23.16664,121.18011,2026-08-13,0.9998955727
C0SE00,樟原南溪,23.4023,121.42318,2026-08-13,0.9978450537
C0T790,大禹嶺,24.186117,121.316086,2026-08-13,0.0029671141
C0T820,天祥,24.179597,121.495639,2026-08-13,0.9998301268
C0T870,鯉魚潭,23.935639,121.508944,2026-08-13,0.9998724461
C0T900,西林,23.8119,121.441458,2026-08-13,0.9998409748
C0T960,光復,23.660694,121.424964,2026-08-13,0.9999631643
C0T9A0,月眉山,23.809928,121.539828,2026-08-13,0.9983136654
C0T9B0,水源,23.991861,121.537169,2026-08-13,0.9992650151
C0T9D0,和中,24.26676,121.74103,2026-08-13,0.9999177456
C0T9E0,大坑,23.880628,121.581981,2026-08-13,0.9997643828
C0T9F0,水璉,23.797131,121.542514,2026-08-13,0.9996851683
C0T9G0,鳳林山,23.735269,121.420131,2026-08-13,0.9992296696
C0T9H0,加路蘭山,23.682947,121.5274,2026-08-13,0.9964601398
C0T9I0,豐濱,23.583897,121.514806,2026-08-13,0.999915123
C0T9M0,靜浦,23.455167,121.495028,2026-08-13,0.9999495745
C0T9N0,富里,23.171639,121.249378,2026-08-13,0.9999723434
C0TA10,花蓮漁港,23.995322,121.638331,2026-08-13,0.9998688698
C0TA20,加灣,24.082025,121.608944,2026-08-13,0.9999877214
C0TA30,鹽寮,23.845606,121.592664,2026-08-13,0.9999495745
C0TA40,秀林,24.302864,121.731144,2026-08-13,0.9979800582
C0TA50,和仁,24.241394,121.712472,2026-08-13,0.9999164343
C0TA80,立霧山,24.183258,121.641899,2026-08-13,0.9877205491
C0TB40,崇德,24.166144,121.657414,2026-08-13,0.9999790192
C0TC00,磐石,24.015008,121.395456,2026-08-13,0.9795939922
C0TC10,西林林道12.5K,23.829641,121.41233,2026-08-13,0.9977820516
C0TC20,光復林道16K,23.66701,121.36949,2026-08-13,0.998671174
C0TC30,虎頭山,23.52849,121.33992,2026-08-13,0.9948788881
C0TC40,新白楊,24.198205,121.43296,2026-08-13,0.8685174584
C0TC50,綠水,24.178416,121.50795,2026-08-13,0.9998860359
C0U520,雙連埤,24.753033,121.641303,2026-08-13,0.998576045
C0U600,礁溪,24.817539,121.765608,2026-08-13,0.9998929501
C0U650,玉蘭,24.675286,121.587061,2026-08-13,0.9999403954
C0U710,太平山,24.505486,121.525656,2026-08-13,0.1833155155
C0U720,南山,24.43742,121.38167,2026-08-13,0.9954950809
C0U750,龜山島,24.841667,121.953133,2026-08-13,0.9999110699
C0U760,東澳,24.52196,121.83318,2026-08-13,0.999992609
C0U770,南澳,24.44935,121.81022,2026-08-13,0.9999938011
C0U780,五結,24.68637,121.79794,2026-08-13,0.9999325275
C0U860,頭城,24.85323,121.8308,2026-08-13,0.9999603033
C0U870,大礁溪,24.791042,121.675047,2026-08-13,0.9988778234
C0U880,北關,24.9072,121.8734,2026-08-13,0.9999927282
C0U890,三星,24.66812,121.65302,2026-08-13,0.9998221993
C0U900,內城,24.71813,121.68766,2026-08-13,0.9998807907
C0U910,冬山,24.63373,121.7937,2026-08-13,0.9999325275
C0U940,羅東,24.68184,121.74934,2026-08-13,0.9998756647
C0U950,鶯子嶺,24.89754,121.79244,2026-08-13,0.995174706
C0U960,翠峰湖,24.510856,121.608044,2026-08-13,0.2574068308
C0U970,大福,24.80064,121.81389,2026-08-13,0.9998985529
C0U980,坪林石牌,24.86478,121.77396,2026-08-13,0.9991635084
C0U990,員山,24.74435,121.72247,2026-08-13,0.9998793602
C0UA00,土場,24.576533,121.495333,2026-08-13,0.9999599457
C0UA10,鴛鴦湖,24.590269,121.412228,2026-08-13,0.6742891073
C0UA20,多加屯,24.368614,121.373189,2026-08-13,0.0050617438
C0UA30,白嶺,24.527819,121.519031,2026-08-13,0.9669034481
C0UA40,西德山,24.560647,121.752608,2026-08-13,0.9929307699
C0UA50,西帽山,24.555361,121.802628,2026-08-13,0.9993863106
C0UA60,樟樹山,24.41393,121.78325,2026-08-13,0.9996091723
C0UA70,桃源谷,24.962606,121.888875,2026-08-13,0.9995824695
C0UA80,大溪漁港,24.941801,121.902955,2026-08-13,0.9999558926
C0UA90,石城,24.980444,121.951214,2026-08-13,0.9999132156
C0UB00,淡江大學蘭陽校園,24.823239,121.730383,2026-08-13,0.9996321201
C0UB10,蘇澳,24.5969,121.8571,2026-08-13,0.9999935627
C0UB20,壯圍,24.7359,121.8163,2026-08-13,0.9999177456
C0UB60,明池,24.650688,121.475277,2026-08-13,0.996268332
C0UB70,太平山中間站,24.542003,121.513453,2026-08-13,0.9987188578
C0UB80,翠峰林道6K,24.49773,121.568625,2026-08-13,0.0909469277
C0UB90,太平山莊,24.494171,121.536209,2026-08-13,0.161425814
C0V210,復興,23.222403,120.806089,2026-08-13,0.9988706708
C0V350,溪埔,22.738578,120.446797,2026-08-13,0.9999811649
C0V360,內門,22.975481,120.466769,2026-08-13,0.999969244
C0V370,古亭坑,22.893178,120.401947,2026-08-13,0.9999747276
C0V400,阿公店,22.804194,120.355528,2026-08-13,0.9999723434
C0V440,鳳山,22.646653,120.356122,2026-08-13,0.9999709129
C0V450,鳳森,22.545064,120.392592,2026-08-13,0.9999625683
C0V490,新興,22.627422,120.298803,2026-08-13,0.9999701977
C0V530,阿蓮,22.883208,120.327508,2026-08-13,0.9999789
C0V610,梓官,22.760558,120.267211,2026-08-13,0.9999690056
C0V620,永安,22.82315,120.236856,2026-08-13,0.9999700785
C0V630,茄萣,22.906642,120.182608,2026-08-13,0.9999798536
C0V640,湖內,22.887139,120.2445,2026-08-13,0.9999791384
C0V650,彌陀,22.783806,120.246361,2026-08-13,0.9999700785
C0V660,岡山,22.797078,120.294958,2026-08-13,0.9999690056
C0V680,仁武,22.701083,120.347722,2026-08-13,0.9999703169
C0V690,鼓山,22.623325,120.275575,2026-08-13,0.9999701977
C0V700,三民,22.645017,120.311233,2026-08-13,0.9999651909
C0V710,苓雅,22.622742,120.330669,2026-08-13,0.9999727011
C0V720,林園,22.507747,120.394511,2026-08-13,0.9999668598
C0V730,大寮,22.605614,120.395717,2026-08-13,0.9999490976
C0V740,旗山,22.888614,120.483597,2026-08-13,0.9999804497
C0V750,路竹,22.854997,120.259439,2026-08-13,0.9999668598
C0V760,橋頭,22.757806,120.30575,2026-08-13,0.9999712706
C0V770,大社,22.730306,120.346639,2026-08-13,0.9999703169
C0V790,萬山,22.905944,120.688056,2026-08-13,0.9999607801
C0V800,六龜,22.997889,120.633583,2026-08-13,0.9999101162
C0V810,左營,22.67491,120.28491,2026-08-13,0.9999651909
C0V820,小林,23.148408,120.63325,2026-08-13,0.9997857213
C0V840,鳳鼻頭,22.5083,120.3591,2026-08-13,0.9999632835
C0V850,蚵仔寮,22.7256,120.2527,2026-08-13,0.9999706745
C0V860,南寮,22.7616,120.2339,2026-08-13,0.9999706745
C0V870,文安,22.8025,120.2164,2026-08-13,0.9999706745
C0V880,興達,22.8778,120.2127,2026-08-13,0.9999798536
C0V890,前鎮,22.5718,120.3117,2026-08-13,0.9999786615
C0V900,汕尾,22.4782,120.4151,2026-08-13,0.9999651909
C0V910,大樹,22.684645,120.432803,2026-08-13,0.9999785423
C0V930,天池,23.27778,120.91569,2026-08-13,0.1353003979
C0V940,美瓏山,23.1197,120.74731,2026-08-13,0.9702671766
C0V950,五指寮林道3.5K,23.136775,120.64028,2026-08-13,0.9995660186
C0V960,西阿里關山,23.183025,120.64143,2026-08-13,0.9939847589
C0V970,花菓,23.034775,120.68415,2026-08-13,0.9949550033
C0W110,東莒,25.9652,119.98069,2026-08-13,0.9997217059
C0W120,西嶼,23.5626,119.468436,2026-08-13,0.9997450709
C0W130,花嶼,23.40007,119.32276,2026-08-13,0.9997159839
C0W140,金沙,24.488292,118.408778,2026-08-13,0.9999346733
C0W150,金寧,24.457703,118.328989,2026-08-13,0.9999073744
C0W160,烏坵,24.9944,119.44956,2026-08-13,0.9997014403
C0W180,七美,23.219333,119.444892,2026-08-13,0.9997492433
C0W190,望安,23.380564,119.494075,2026-08-13,0.9997108579
C0W200,湖西,23.596314,119.67275,2026-08-13,0.9997817874
C0W220,北竿,26.220358,119.974881,2026-08-13,0.9997044206
C0W240,九宮,24.423753,118.240186,2026-08-13,0.9999030828
C0X050,東河,23.296598,120.385608,2026-08-13,0.9999802113
C0X080,佳里,23.173039,120.145086,2026-08-13,0.9999763966
C0X100,臺南市北區,23.010394,120.194228,2026-08-13,0.9999786615
C0X110,臺南市南區,22.961189,120.188378,2026-08-13,0.9999796152
C0X120,麻豆,23.183289,120.248611,2026-08-13,0.9999819994
C0X130,官田,23.193217,120.315422,2026-08-13,0.9999804497
C0X140,西港,23.125608,120.203108,2026-08-13,0.999981761
C0X150,安定,23.102614,120.227839,2026-08-13,0.9999811649
C0X160,仁德,22.968258,120.257689,2026-08-13,0.9999792576
C0X170,關廟,22.963017,120.327797,2026-08-13,0.9999761581
C0X180,山上,23.0757,120.363253,2026-08-13,0.9999685287
C0X190,安平,22.993161,120.152181,2026-08-13,0.9999791384
C0X200,左鎮,23.056758,120.408522,2026-08-13,0.9999696016
C0X210,白河,23.347466,120.414427,2026-08-13,0.9999784231
C0X220,學甲,23.230367,120.182187,2026-08-13,0.9999759197
C0X230,鹽水,23.272621,120.247641,2026-08-13,0.9999759197
C0X240,關子嶺,23.331169,120.508025,2026-08-13,0.9998347759
C0X250,新營,23.310689,120.316681,2026-08-13,0.999976635
C0X260,後壁,23.366358,120.362326,2026-08-13,0.9999747276
C0X280,將軍,23.214999,120.13577,2026-08-13,0.9999759197
C0X290,北門,23.267772,120.125481,2026-08-13,0.9999759197
C0X300,鹿寮,23.386047,120.477331,2026-08-13,0.9999320507
C0X320,柳營,23.253328,120.375253,2026-08-13,0.9999829531
C0Z020,明里,23.208717,121.262342,2026-08-13,0.9999771118
C0Z050,佳心,23.34567,121.21316,2026-08-13,0.9981259704
C0Z061,玉里,23.3215,121.339656,2026-08-13,0.9999809265
C0Z070,舞鶴,23.46811,121.37407,2026-08-13,0.9998179078
C0Z080,富源,23.587642,121.378225,2026-08-13,0.9998521805
C0Z100,東華,23.89525,121.549833,2026-08-13,0.9999419451
C0Z150,吉安光華,23.930925,121.595153,2026-08-13,0.9999512434
C0Z160,鳳林,23.746114,121.453411,2026-08-13,0.9999417067
C0Z170,卓溪,23.3443,121.3029,2026-08-13,0.9999710321
C0Z180,新城,24.040486,121.604878,2026-08-13,0.9999870062
C0Z190,富世,24.14743,121.6297,2026-08-13,0.9999667406
C0Z200,萬榮,23.709219,121.420106,2026-08-13,0.9998978376
C0Z210,瑞穗,23.5239,121.39021,2026-08-13,0.9999284744
C0Z220,和平林道,24.343922,121.656317,2026-08-13,0.9995735288
C0Z230,和平,24.30717,121.77007,2026-08-13,0.9999324083
C0Z250,瑞穗林道,23.49284,121.30688,2026-08-13,0.995120585
C0Z270,蕃薯寮,23.73835,121.540108,2026-08-13,0.9996950626
C0Z280,德武,23.47426,121.41071,2026-08-13,0.9998749495
C0Z290,赤柯山,23.36893,121.38293,2026-08-13,0.99478513
C0Z300,東里,23.26853,121.30547,2026-08-13,0.9999785423
C0Z310,清水斷崖,24.218294,121.689142,2026-08-13,0.9998447895
C0Z320,清水林道,23.27125,121.188272,2026-08-13,0.9994959831
C0Z330,安通山,23.290728,121.348528,2026-08-13,0.9997877479
C1A630,下盆,24.771003,121.538622,2026-08-13,0.9999266863
C1A750,石碇服務區,25.00872,121.646242,2026-08-13,0.9999858141
C1A760,坪林交控,24.94284,121.713442,2026-08-13,0.9999728203
C1A9N0,四十份,24.934158,121.593283,2026-08-13,0.999671936
C1AC50,關渡,25.133486,121.469331,2026-08-13,0.9999389648
C1AI50,國三N016K,25.034164,121.619664,2026-08-13,0.9999443293
C1AI60,國一39K邊坡,25.064361,121.383836,2026-08-13,0.9997701049
C1C510,水尾,24.940081,121.087161,2026-08-13,0.9998643398
C1D380,新埔,24.84745,121.03834,2026-08-13,0.9998626709
C1D400,鳥嘴山,24.71909,121.28387,2026-08-13,0.9976923466
C1D410,白蘭,24.579364,121.079947,2026-08-13,0.9761077762
C1D420,太閣南,24.632808,121.160575,2026-08-13,0.9890052676
C1D630,飛鳳山,24.766464,121.119178,2026-08-13,0.9994503856
C1D640,外坪(五指山),24.644447,121.090961,2026-08-13,0.9985710382
C1E451,象鼻,24.368617,120.940228,2026-08-13,0.9940031171
C1E461,松安,24.397972,120.986022,2026-08-13,0.9556808472
C1E480,鳳美,24.554803,121.034747,2026-08-13,0.9997285008
C1E511,新開,24.347703,120.827019,2026-08-13,0.9996920824
C1E601,南勢,24.572486,120.734842,2026-08-13,0.9999111891
C1E670,南礦,24.538278,121.002836,2026-08-13,0.9815042615
C1E681,南勢山,24.421669,120.923831,2026-08-13,0.9940031171
C1E691,南湖,24.40135,120.837533,2026-08-13,0.9928032756
C1E701,八卦,24.491756,120.927619,2026-08-13,0.9985040426
C1E711,馬拉邦山,24.367306,120.901656,2026-08-13,0.9924248457
C1E721,泰安,24.489017,120.968036,2026-08-13,0.9409142137
C1E770,公館,24.526914,120.830806,2026-08-13,0.99992311
C1E890,國三N149K,24.463414,120.680019,2026-08-13,0.9999234676
C1E900,國一N128K,24.560997,120.844186,2026-08-13,0.9999257326
C1F871,上谷關,24.203483,121.018644,2026-08-13,0.9994145632
C1F891,稍來,24.265689,121.001142,2026-08-13,0.0652994886
C1F911,新伯公,24.221361,120.841069,2026-08-13,0.9996122718
C1F941,雪嶺,24.280586,121.026642,2026-08-13,0.0064720204
C1F9B1,桐林,24.066172,120.735194,2026-08-13,0.9999684095
C1F9C1,白冷,24.182844,120.929889,2026-08-13,0.9992626309
C1F9D1,白毛台,24.158325,120.886933,2026-08-13,0.9991705418
C1F9E1,龍安,24.1605,120.831961,2026-08-13,0.9988545179
C1F9F1,伯公龍,24.272392,120.849047,2026-08-13,0.9993057251
C1F9G1,慶福山,24.180853,120.848378,2026-08-13,0.9969540834
C1F9J1,清水林,24.071242,120.820419,2026-08-13,0.9983365536
C1F9W0,德基,24.254783,121.190261,2026-08-13,0.369325757
C1G691,下水埔,23.816114,120.5676,2026-08-13,0.99997437
C1G9D0,國一S218K,23.890641,120.493253,2026-08-13,0.9999675751
C1H000,翠峰,24.109397,121.205211,2026-08-13,0.0349443741
C1H840,國三N238K,23.841008,120.707711,2026-08-13,0.9999560118
C1H900,清流,24.080775,120.962997,2026-08-13,0.9963978529
C1H920,長豐,24.102039,120.879897,2026-08-13,0.9985601306
C1H941,雙冬,23.967378,120.802189,2026-08-13,0.9994900227
C1H971,六分寮,23.92507,120.6378,2026-08-13,0.9996594191
C1H9B1,阿眉,24.1263,120.994672,2026-08-13,0.9435193539
C1I020,萬大,23.979817,121.132261,2026-08-13,0.9804199338
C1I030,武界,23.913225,121.052483,2026-08-13,0.9957395792
C1I050,丹大,23.753747,121.141147,2026-08-13,0.0089969896
C1I070,和社,23.591131,120.888861,2026-08-13,0.9991064668
C1I101,溪頭,23.661789,120.807647,2026-08-13,0.64404881
C1I121,大鞍,23.678381,120.760017,2026-08-13,0.9680854082
C1I131,桶頭,23.641944,120.654117,2026-08-13,0.9999586344
C1I140,卡奈托灣,23.754364,121.087872,2026-08-13,0.6516038179
C1I150,青雲,23.793361,120.949378,2026-08-13,0.9999041557
C1I201,中心崙,23.728722,120.712097,2026-08-13,0.9994002581
C1I220,樟湖,23.905333,120.846983,2026-08-13,0.987657547
C1I230,九份二山,23.961944,120.845,2026-08-13,0.9977208972
C1I250,鯉潭,23.961922,120.991131,2026-08-13,0.9989565611
C1I280,埔中,23.820778,120.642594,2026-08-13,0.9998414516
C1I290,豐丘,23.668178,120.887417,2026-08-13,0.9907132387
C1I310,西巒,23.754486,120.883956,2026-08-13,0.9964959025
C1I320,奧萬大,23.952956,121.178556,2026-08-13,0.998927772
C1I330,楓樹林,23.986803,121.076117,2026-08-13,0.9649668336
C1I340,新興橋,23.563333,120.868728,2026-08-13,0.9994280934
C1I400,凌霄,24.018778,121.004456,2026-08-13,0.8537631631
C1I430,翠華,24.191961,121.224339,2026-08-13,0.0200417656
C1I440,新高口,23.478744,120.878939,2026-08-13,0.0287000388
C1I450,望鄉山,23.594153,120.944286,2026-08-13,0.0018818158
C1I470,杉林溪,23.639517,120.786444,2026-08-13,0.861263454
C1I500,大尖山,23.858572,120.994889,2026-08-13,0.1142965257
C1I510,線浸林道,23.761508,120.832956,2026-08-13,0.9802369475
C1I550,國六W023K,23.979067,120.867742,2026-08-13,0.9998664856
C1K540,口湖,23.585344,120.180517,2026-08-13,0.9999732971
C1M390,龍美,23.406728,120.654417,2026-08-13,0.9957150817
C1M400,菜瓜坪,23.251928,120.576103,2026-08-13,0.9997892976
C1M480,獨立山,23.537022,120.607797,2026-08-13,0.9951165915
C1M600,頭凍,23.406364,120.603339,2026-08-13,0.9834141135
C1M610,石磐龍,23.496606,120.663506,2026-08-13,0.9965299964
C1M640,十字,23.492153,120.753683,2026-08-13,0.919121027
C1M870,國三N285K,23.550319,120.505833,2026-08-13,0.999917388
C1N001,沙崙,22.935472,120.309406,2026-08-13,0.9999778271
C1O870,大棟山,23.31157,120.52226,2026-08-13,0.9722731113
C1O921,楠西,23.183511,120.484083,2026-08-13,0.9999712706
C1O940,東山服務區,23.286016,120.398472,2026-08-13,0.999979496
C1R250,力里,22.428117,120.629228,2026-08-13,0.9998927116
C1R290,石門山,22.112611,120.756597,2026-08-13,0.9994126558
C1R610,西大武山,22.617719,120.7322,2026-08-13,0.7285613418
C1R630,龍泉,22.66701,120.59091,2026-08-13,0.9999649525
C1S670,摩天,23.199503,121.027,2026-08-13,0.9956904054
C1S820,金峰,22.590969,120.933236,2026-08-13,0.9999016523
C1S850,豐南,23.122139,121.262389,2026-08-13,0.9997245669
C1S860,利嘉,22.809417,121.050528,2026-08-13,0.9988750815
C1S870,南美山,23.15025,121.382333,2026-08-13,0.9998098016
C1S880,壽卡,22.238911,120.858903,2026-08-13,0.9991900325
C1SA50,利嘉林道,22.82325,121.009389,2026-08-13,0.6665647626
C1SA70,都蘭,22.87794,121.226881,2026-08-13,0.9999394417
C1T800,洛韶,24.204558,121.453956,2026-08-13,0.9891943932
C1T810,慈恩,24.192044,121.388386,2026-08-13,0.1192969158
C1T830,布洛灣,24.17184,121.57127,2026-08-13,0.9999502897
C1T920,中興,23.769503,121.498653,2026-08-13,0.9999324083
C1T940,大觀,23.714206,121.373133,2026-08-13,0.9993633628
C1T950,太安,23.666719,121.370128,2026-08-13,0.9989337325
C1T970,大農,23.615233,121.413331,2026-08-13,0.9999223948
C1T980,龍澗,24.023289,121.411328,2026-08-13,0.9859911799
C1T990,高寮,23.394239,121.356808,2026-08-13,0.999937892
C1TA00,太魯閣,24.15773,121.6236,2026-08-13,0.9999914169
C1U501,牛鬥,24.637836,121.573656,2026-08-13,0.9999893904
C1U670,寒溪,24.634,121.71691,2026-08-13,0.9998317957
C1U840,東澳嶺,24.5378,121.8485,2026-08-13,0.9993479848
C1U850,觀音海岸,24.38319,121.77856,2026-08-13,0.9991701841
C1U920,思源,24.393125,121.347214,2026-08-13,0.7613121867
C1U930,粉鳥林,24.497088,121.842479,2026-08-13,0.9999938011
C1V160,達卡努瓦,23.279811,120.705319,2026-08-13,0.9871484637
C1V170,排雲,23.463619,120.954147,2026-08-13,5.58621e-05
C1V190,南天池,23.27403,120.91176,2026-08-13,0.0283626802
C1V200,梅山,23.268447,120.823556,2026-08-13,0.9970400929
C1V220,小關山,23.154217,120.813603,2026-08-13,0.1237542257
C1V231,高中,23.134911,120.716711,2026-08-13,0.9989314675
C1V300,御油山,23.001983,120.715364,2026-08-13,0.7368741632
C1V340,大津,22.888322,120.645986,2026-08-13,0.9999555349
C1V390,尖山,22.813153,120.367789,2026-08-13,0.9999687672
C1V580,溪南(特生中心),23.084972,120.788475,2026-08-13,0.6817315817
C1V590,新發,23.057019,120.646064,2026-08-13,0.9995717406
C1V600,藤枝,23.071961,120.757042,2026-08-13,0.8822411895
C1V780,多納林道,22.888028,120.737917,2026-08-13,0.994864285
C1V830,國三S383K,22.781967,120.426475,2026-08-13,0.999974966
C1X040,東原,23.291597,120.463822,2026-08-13,0.9999294281
C1Z030,紅葉,23.493119,121.338806,2026-08-13,0.9998642206
C1Z040,立山,23.443356,121.327375,2026-08-13,0.9995636344
C1Z110,三棧,24.11557,121.60501,2026-08-13,0.9992978573
C1Z120,壽豐,23.870853,121.508081,2026-08-13,0.9999419451
C1Z130,銅門,23.965694,121.492842,2026-08-13,0.9999572039
C1Z140,荖溪,23.890575,121.45964,2026-08-13,0.9949650168
C1Z240,中平林道,23.42115,121.26763,2026-08-13,0.9937590361
C2A540,四堵,24.8926,121.745736,2026-08-13,0.9999483824
C2A560,福山,24.776203,121.502811,2026-08-13,0.9999525547
C2A650,火燒寮,25.002719,121.742892,2026-08-13,0.9999525547
C2A660,瑞芳,25.113169,121.801147,2026-08-13,0.9999799728
C2A880,福隆,25.017842,121.942083,2026-08-13,0.9999181032
C2A920,富貴角,25.263783,121.565258,2026-08-13,0.999863863
C2AA10,中八仙,25.11576,121.49199,2026-08-13,0.9999570847
C2AK30,信賢,24.84108,121.53492,2026-08-13,0.9999716282
C2AK40,漁光,24.96875,121.72132,2026-08-13,0.9990894794
C2C410,中央大學,24.967652,121.185165,2026-08-13,0.9998921156
C2C480,桃園,24.992425,121.323172,2026-08-13,0.999932766
C2C590,觀音,25.027072,121.153317,2026-08-13,0.9998899698
C2C810,八德蔬果,24.97858,121.28187,2026-08-13,0.999932766
C2C830,中德,24.981862,121.291344,2026-08-13,0.999932766
C2D430,峨眉,24.6905,121.017189,2026-08-13,0.9998840094
C2D480,打鐵坑,24.849664,121.150789,2026-08-13,0.9999028444
C2D720,關西工作站,24.757275,121.184792,2026-08-13,0.999956131
C2D730,寶山農場,24.732444,120.976153,2026-08-13,0.9999010563
C2D770,巨埔,24.84435,121.11442,2026-08-13,0.9999172688
C2D790,石鹿,24.56551,121.15841,2026-08-13,0.9866909981
C2E420,竹南,24.70898,120.88897,2026-08-13,0.9999107122
C2E430,南庄,24.601775,121.000214,2026-08-13,0.9997461438
C2E520,大湖,24.414939,120.870872,2026-08-13,0.9996589422
C2E540,龍溪,24.606489,120.783933,2026-08-13,0.9999418259
C2E880,三義,24.405478,120.749819,2026-08-13,0.9984056354
C2E970,八甲,24.535811,120.795983,2026-08-13,0.9998713732
C2E980,和興,24.505319,120.923016,2026-08-13,0.9995536208
C2E990,新坪頂,24.30201,120.8574,2026-08-13,0.9984464049
C2EA10,拉庫斯,24.53637,121.02137,2026-08-13,0.9907360673
C2F000,大肚,24.15295,120.572117,2026-08-13,0.999799788
C2F860,梨山,24.247522,121.243669,2026-08-13,0.0721118078
C2F930,大甲,24.347667,120.640403,2026-08-13,0.9999126196
C2F990,摩天嶺,24.322458,120.936819,2026-08-13,0.9993846416
C2F9A0,中竹林,24.103556,120.751061,2026-08-13,0.9997212291
C2FA00,烏石坑,24.273503,120.947617,2026-08-13,0.9994146824
C2FB50,出雲,24.206469,120.902794,2026-08-13,0.9989797473
C2FB60,頭櫃山,24.129842,120.858925,2026-08-13,0.9791259766
C2G640,鹿港,24.0753,120.430481,2026-08-13,0.9999593496
C2G840,北斗,23.877586,120.514222,2026-08-13,0.9999662638
C2G870,芳苑,23.922303,120.320025,2026-08-13,0.9999611378
C2G980,田頭村,23.8263,120.444175,2026-08-13,0.9999755621
C2G9A0,畜試所彰化,23.86045,120.557964,2026-08-13,0.9999761581
C2G9C0,埔南,23.99124,120.46969,2026-08-13,0.9999598265
C2G9E0,移民庄,23.9784,120.40283,2026-08-13,0.9999603033
C2H950,中寮,23.884447,120.766406,2026-08-13,0.9999574423
C2H9D0,三隻寮,24.093078,120.861578,2026-08-13,0.9977825284
C2H9E0,國姓南港,23.911108,120.846556,2026-08-13,0.9845631719
C2H9F0,柑林,24.018658,120.847072,2026-08-13,0.9999346733
C2H9G0,百勝,24.051142,120.909361,2026-08-13,0.9996646643
C2H9H0,苗改南投蜂場,23.852589,120.693481,2026-08-13,0.9999775887
C2H9J0,中台,23.9996,120.938739,2026-08-13,0.9994779229
C2H9K0,屯原,24.067969,121.209389,2026-08-13,0.6384558678
C2H9L0,馬烈霸,24.1512,121.201772,2026-08-13,0.2996731699
C2H9M0,發祥,24.154094,121.164517,2026-08-13,0.9959790707
C2H9N0,仁愛東眼,24.026875,121.1205,2026-08-13,0.8610674739
C2H9P0,伊拿谷,23.963211,121.088264,2026-08-13,0.9956492782
C2H9Q0,北東眼山,24.120939,121.189303,2026-08-13,0.5901794434
C2H9R0,卓社,23.887894,121.000086,2026-08-13,0.9564074874
C2H9S0,龍南,23.953536,120.833183,2026-08-13,0.9915173054
C2H9T0,名間竹圍,23.859914,120.637572,2026-08-13,0.999920249
C2H9U0,鳳鵬,23.763919,120.788061,2026-08-13,0.9999116659
C2H9W0,大坪頂農水,24.043122,120.932781,2026-08-13,0.998983562
C2H9Y0,松茗,23.8167,120.650765,2026-08-13,0.9998506308
C2I090,鳳凰,23.728081,120.787347,2026-08-13,0.998314023
C2I210,蘆竹湳,23.93398,120.81209,2026-08-13,0.9994590878
C2I240,外大坪,23.9587,120.91788,2026-08-13,0.9988435507
C2I260,北坑,23.92463,121.00683,2026-08-13,0.9995725751
C2K240,草嶺,23.59555,120.693461,2026-08-13,0.99729985
C2K250,崙背,23.75553,120.31893,2026-08-13,0.999972105
C2K280,四湖,23.6304,120.22717,2026-08-13,0.9999672174
C2K290,崙內,23.69525,120.35601,2026-08-13,0.9999719858
C2K301,鹿南,23.643341,120.3683,2026-08-13,0.9999719858
C2K310,港尾布雞,23.74834,120.38439,2026-08-13,0.9999736547
C2K610,草嶺石壁,23.602469,120.707731,2026-08-13,0.9966905117
C2K620,馬光農場,23.721453,120.378864,2026-08-13,0.9999736547
C2K630,荷苞,23.657717,120.595144,2026-08-13,0.999940753
C2M410,馬頭山,23.324361,120.582017,2026-08-13,0.9998999834
C2M530,奮起湖,23.493903,120.699253,2026-08-13,0.9841506481
C2M620,瑞里,23.545133,120.675197,2026-08-13,0.9937382936
C2M810,里佳,23.389125,120.716647,2026-08-13,0.9792535305
C2M910,嘉義大學,23.471325,120.485903,2026-08-13,0.999931097
C2M920,朴子農改,23.469889,120.259383,2026-08-13,0.9999808073
C2M930,石卓,23.478744,120.702264,2026-08-13,0.9262569547
C2M940,日野賀,23.434056,120.727169,2026-08-13,0.9954624772
C2M950,太和,23.538372,120.702961,2026-08-13,0.9849157333
C2M960,外寮,23.562643,120.665688,2026-08-13,0.9976699948
C2M970,碧湖,23.568632,120.624165,2026-08-13,0.9858868122
C2M980,安和,23.51377,120.31593,2026-08-13,0.9999810457
C2M990,大巃頂,23.5547,120.61439,2026-08-13,0.9848928452
C2M9A0,大華,23.4824,120.67491,2026-08-13,0.9975315332
C2M9B0,西興,23.2428,120.57617,2026-08-13,0.999759376
C2M9C0,紫雲,23.494914,120.540253,2026-08-13,0.9999227524
C2M9D0,何竹子腳,23.53641,120.38203,2026-08-13,0.9999592304
C2M9E0,旺來山,23.555153,120.486463,2026-08-13,0.9999141693
C2M9F0,安溪寮,23.350334,120.208039,2026-08-13,0.9999759197
C2M9G0,沄水,23.38293,120.52666,2026-08-13,0.9999021292
C2N160,西拉雅風管處,23.189481,120.335297,2026-08-13,0.9999797344
C2N170,茅港尾,23.2061,120.2624,2026-08-13,0.9999814034
C2N180,鹿陶洋,23.14325,120.48352,2026-08-13,0.9999712706
C2N190,烏樹,23.32393,120.36989,2026-08-13,0.9999719858
C2N200,口宵里,23.15987,120.45988,2026-08-13,0.9999033213
C2N210,岩坑,23.24614,120.47458,2026-08-13,0.9999482632
C2O810,曾文,23.219681,120.497328,2026-08-13,0.9999523163
C2O850,環湖,23.148665,120.4186,2026-08-13,0.99997437
C2O880,南化,23.17332,120.59413,2026-08-13,0.9999177456
C2O930,玉井,23.126042,120.46055,2026-08-13,0.99997437
C2O950,安南,23.076694,120.144861,2026-08-13,0.9999752045
C2R170,屏東,22.66027,120.49403,2026-08-13,0.999984026
C2R240,萬巒,22.527306,120.625111,2026-08-13,0.9999274015
C2R260,春日,22.370361,120.628306,2026-08-13,0.9999759197
C2R490,九如,22.74049,120.490555,2026-08-13,0.9999812841
C2R550,新埤,22.467947,120.582894,2026-08-13,0.9999312162
C2R970,屏科大,22.648275,120.619247,2026-08-13,0.9999543428
C2R980,竹田國中,22.61532,120.52412,2026-08-13,0.9999519587
C2R990,泰武,22.60686,120.69765,2026-08-13,0.9989560843
C2R9A0,高士國小,22.12553,120.84653,2026-08-13,0.9999316931
C2RA10,大新,22.67558,120.57788,2026-08-13,0.9999649525
C2S800,華源,22.65783,121.0232,2026-08-13,0.9997839332
C2S890,關山,23.0395,121.175017,2026-08-13,0.999874115
C2S9A0,北份子寮,22.78561,121.07813,2026-08-13,0.9998177886
C2S9B0,利吉,22.86246,121.15486,2026-08-13,0.9998629093
C2SA40,瑞和,22.974361,121.156697,2026-08-13,0.9998497963
C2SD50,順那,23.04166,121.29332,2026-08-13,0.9998857975
C2SD60,明峰,22.8671,121.11825,2026-08-13,0.9996794462
C2SD70,二層坪,22.94105,121.16838,2026-08-13,0.9998412132
C2SD80,再來山,23.34371,121.44122,2026-08-13,0.9998443127
C2TA60,六十石,23.22477,121.31861,2026-08-13,0.9969277978
C2TA70,赤科坪,23.39885,121.39168,2026-08-13,0.9890204072
C2TA90,加納納,23.466421,121.359867,2026-08-13,0.9998375177
C2TB30,吉安,23.94538,121.54803,2026-08-13,0.9999219179
C2TB50,麻汝,23.42554,121.39358,2026-08-13,0.9998550415
C2TB60,南安,23.29818,121.26157,2026-08-13,0.9999724627
C2TB70,達谷寮,23.38,121.35968,2026-08-13,0.9998837709
C2TB80,庄子底,23.71794,121.49438,2026-08-13,0.9999480247
C2TB90,長橋,23.6874,121.46186,2026-08-13,0.9999376535
C2UC10,出水溪,24.615822,121.652253,2026-08-13,0.9997789264
C2UC20,長嶺,24.70894,121.61162,2026-08-13,0.9999437332
C2UC30,金洋,24.42465,121.74573,2026-08-13,0.9999872446
C2UC40,中城,24.62865,121.74745,2026-08-13,0.9999184608
C2V250,甲仙,23.080106,120.591758,2026-08-13,0.9998992682
C2V260,月眉,22.971003,120.539853,2026-08-13,0.9999649525
C2V310,美濃,22.898792,120.51907,2026-08-13,0.9999810457
C2V570,吉東,22.85418,120.54539,2026-08-13,0.9999712706
C2V580,瑞山,22.90304,120.43424,2026-08-13,0.999972105
C2V920,匏子寮,23.04905,120.55319,2026-08-13,0.9999321699
C2W030,金門農試所,24.448431,118.451786,2026-08-13,0.9998205304
C2W230,畜試所澎湖,23.628342,119.513206,2026-08-13,0.9996902943
C2X060,下營,23.226806,120.256291,2026-08-13,0.9999814034
CAC040,拉拉山,24.699317,121.427133,2026-08-13,0.8029947281
CAG100,王功漁港,23.96824,120.32586,2026-08-13,0.9999513626
CAJ050,海口故事園區,23.57543,120.14121,2026-08-13,0.9999732971
CAL110,布袋國中,23.35893,120.18026,2026-08-13,0.9999759197
CAN130,水試所海水繁養殖中心,23.120802,120.07968,2026-08-13,0.9999761581
CAN140,六官養殖協會,23.22881,120.29962,2026-08-13,0.9999814034
CAQ030,崎峰國小,22.42565,120.49521,2026-08-13,0.9999575615
CAW010,東引,26.3588,120.4836,2026-08-13,0.9995800853
E2H360,蓮華池,23.918333,120.885278,2026-08-13,0.9994328618
E2HA20,林試畢祿溪站,24.226944,121.308522,2026-08-13,0.1356835067
E2K600,四湖植物園,23.676986,120.163433,2026-08-13,0.9999672174
E2P980,林試六龜中心,22.991703,120.645722,2026-08-13,0.9998991489
E2P990,林試扇平站,22.9677,120.6857,2026-08-13,0.9997350574
E2S960,林試太麻里2,22.598,120.99775,2026-08-13,0.9999392033
E2S980,林試太麻里1,22.598922,120.980044,2026-08-13,0.9999485016
G2F820,農試所(霧峰),24.031261,120.688133,2026-08-13,0.9999778271
G2L020,農試嘉義分所,23.485028,120.473806,2026-08-13,0.9999290705
G2M350,農試溪口農場,23.58565,120.408111,2026-08-13,0.9999577999
G2P820,農試鳳山分所,22.646611,120.356083,2026-08-13,0.9999709129
K2E360,苗栗農改場,24.495722,120.829111,2026-08-13,0.9999104738
K2E710,苗改生物防治研究中心,24.422861,120.871833,2026-08-13,0.9996950626
K2F750,種苗改良場,24.225972,120.800917,2026-08-13,0.999263823
U2H480,溪頭,23.670306,120.798194,2026-08-13,0.9906795621
U2HA30,臺大和社,23.590856,120.888864,2026-08-13,0.9991064668
U2HA40,臺大內茅埔,23.689722,120.851117,2026-08-13,0.9998487234
U2HA50,臺大竹山,23.756972,120.681556,2026-08-13,0.9999724627
V2K620,麥寮合作社,23.753836,120.294783,2026-08-13,0.9999731779
