站號,站名,lat,lon,日期,BlastTF
466850,五分山雷達站,25.071182,121.781205,2026-05-19,0.3612000048160553
C0E810,西湖,24.562947,120.7485,2026-05-19,0.6916000247001648
C0X080,佳里,23.173039,120.145086,2026-05-19,0.6093000173568726
C1I140,卡奈托灣,23.754364,121.087872,2026-05-19,0.06520000100135803
C0R840,牡丹池山,22.168389,120.841225,2026-05-19,0.6693999767303467
C0V890,前鎮,22.5718,120.3117,2026-05-19,0.5813999772071838
C0UB00,淡江大學蘭陽校園,24.823239,121.730383,2026-05-19,0.4900999963283539
467050,新屋,25.006725,121.047492,2026-05-19,0.6809999942779541
C1I280,埔中,23.820778,120.642594,2026-05-19,0.691100001335144
C2H9U0,鳳鵬,23.763919,120.788061,2026-05-19,0.6861000061035156
C0U990,員山,24.74435,121.72247,2026-05-19,0.6883000135421753
C0E740,造橋,24.637056,120.864778,2026-05-19,0.6674000024795532
C2N170,茅港尾,23.2061,120.2624,2026-05-19,0.5738000273704529
C1X040,東原,23.291597,120.463822,2026-05-19,0.6065000295639038
C0S750,向陽,23.248397,120.986133,2026-05-19,0.02590000070631504
C0K410,北港,23.573957,120.292802,2026-05-19,0.6373000144958496
C0V860,南寮,22.7616,120.2339,2026-05-19,0.580299973487854
C1T970,大農,23.615233,121.413331,2026-05-19,0.6877999901771545
C2M9B0,西興,23.2428,120.57617,2026-05-19,0.5972999930381775
C0O830,北寮,23.079561,120.495008,2026-05-19,0.5863999724388123
466940,基隆,25.133314,121.740475,2026-05-19,0.6976000070571899
C2C410,中央大學,24.967652,121.185165,2026-05-19,0.6700999736785889
C2H9S0,龍南,23.953536,120.833183,2026-05-19,0.5697000026702881
C2H9W0,大坪頂農水,24.043122,120.932781,2026-05-19,0.6541000008583069
C0E960,觀霧分站,24.505781,121.113921,2026-05-19,0.13619999587535858
C0Z220,和平林道,24.343922,121.656317,2026-05-19,0.5023999810218811
C0E820,獅潭,24.539133,120.920042,2026-05-19,0.6679999828338623
C1V170,排雲,23.463619,120.954147,2026-05-19,0.00019999999494757503
C0X190,安平,22.993161,120.152181,2026-05-19,0.6061999797821045
C2M960,外寮,23.562643,120.665688,2026-05-19,0.7166000008583069
C0W130,花嶼,23.40007,119.32276,2026-05-19,0.6811000108718872
C1D400,鳥嘴山,24.71909,121.28387,2026-05-19,0.31290000677108765
C0R950,萬隆國小,22.507667,120.587817,2026-05-19,0.5748000144958496
C2V260,月眉,22.971003,120.539853,2026-05-19,0.5641999840736389
CAL110,布袋國中,23.35893,120.18026,2026-05-19,0.6054999828338623
C0FB40,中橫21.6k,24.2499,121.1455,2026-05-19,0.7070000171661377
C1I030,武界,23.913225,121.052483,2026-05-19,0.6474999785423279
72T250,花蓮農改場,23.975222,121.563889,2026-05-19,0.7078999876976013
467660,臺東,22.752211,121.154586,2026-05-19,0.6362000107765198
C2S800,華源,22.65783,121.0232,2026-05-19,0.7117999792098999
C0SB30,新蘭,22.869214,121.223228,2026-05-19,0.6741999983787537
C0AJ80,板橋,25.0107,121.4489,2026-05-19,0.6485000252723694
C0G740,大城,23.852487,120.320935,2026-05-19,0.6743000149726868
C0FA40,臺中電廠,24.2146,120.4907,2026-05-19,0.6712999939918518
C1R110,口社,22.770111,120.645222,2026-05-19,0.5649999976158142
C1F891,稍來,24.265689,121.001142,2026-05-19,0.0544000007212162
C2N160,西拉雅風管處,23.189481,120.335297,2026-05-19,0.5648999810218811
C1C510,水尾,24.940081,121.087161,2026-05-19,0.6797999739646912
C0F9T0,西屯,24.179494,120.641275,2026-05-19,0.6545000076293945
C2D430,峨眉,24.6905,121.017189,2026-05-19,0.644599974155426
C2V920,匏子寮,23.04905,120.55319,2026-05-19,0.5656999945640564
C0C630,大溪,24.882853,121.265547,2026-05-19,0.6416000127792358
C0TA20,加灣,24.082025,121.608944,2026-05-19,0.8015999794006348
C0AI40,石牌,25.115597,121.513139,2026-05-19,0.6362000107765198
C0UB80,翠峰林道6K,24.49773,121.568625,2026-05-19,0.02500000037252903
C0F0E0,南湖圈谷,24.363714,121.444667,2026-05-19,9.999999747378752e-05
C0U880,北關,24.9072,121.8734,2026-05-19,0.746999979019165
K2E360,苗栗農改場,24.495722,120.829111,2026-05-19,0.6593000292778015
C0V740,旗山,22.888614,120.483597,2026-05-19,0.5611000061035156
C1I430,翠華,24.191961,121.224339,2026-05-19,0.06400000303983688
C0R570,麟洛,22.65078,120.52719,2026-05-19,0.5209000110626221
C0A770,科教館,25.096356,121.516507,2026-05-19,0.6459000110626221
E2S980,林試太麻里1,22.598922,120.980044,2026-05-19,0.7016000151634216
C0AH40,平等,25.129142,121.577086,2026-05-19,0.6198999881744385
467270,田中,23.873803,120.581286,2026-05-19,0.6068999767303467
C1I220,樟湖,23.905333,120.846983,2026-05-19,0.44179999828338623
C0A950,鼻頭角,25.129036,121.923372,2026-05-19,0.699400007724762
C0D680,香山濕地,24.783581,120.914988,2026-05-19,0.6608999967575073
C0G900,線西,24.143358,120.443536,2026-05-19,0.6732000112533569
C0H890,埔里,23.972169,120.952425,2026-05-19,0.6510000228881836
C2V580,瑞山,22.90304,120.43424,2026-05-19,0.5659000277519226
C2O930,玉井,23.126042,120.46055,2026-05-19,0.5964999794960022
C1E900,國一N128K,24.560997,120.844186,2026-05-19,0.6704999804496765
C2R170,屏東,22.66027,120.49403,2026-05-19,0.5209000110626221
C0F0A0,雪山圈谷,24.388594,121.236339,2026-05-19,0.00019999999494757503
C0H960,草屯,23.973672,120.68085,2026-05-19,0.637499988079071
C1Z120,壽豐,23.870853,121.508081,2026-05-19,0.6948000192642212
C2G9C0,埔南,23.99124,120.46969,2026-05-19,0.6735000014305115
C0W150,金寧,24.457703,118.328989,2026-05-19,0.567799985408783
C1H9B1,阿眉,24.1263,120.994672,2026-05-19,0.42260000109672546
C0FA30,梧棲,24.256003,120.523381,2026-05-19,0.6753000020980835
C2C830,中德,24.981862,121.291344,2026-05-19,0.6679999828338623
C2TA70,赤科坪,23.39885,121.39168,2026-05-19,0.07069999724626541
C2K240,草嶺,23.59555,120.693461,2026-05-19,0.7264000177383423
CAN130,水試所海水繁養殖中心,23.120802,120.07968,2026-05-19,0.6141999959945679
C2E880,三義,24.405478,120.749819,2026-05-19,0.5030999779701233
C1V590,新發,23.057019,120.646064,2026-05-19,0.7014999985694885
C2O850,環湖,23.148665,120.4186,2026-05-19,0.5964999794960022
466990,花蓮,23.975128,121.613275,2026-05-19,0.8019000291824341
G2M350,農試溪口農場,23.58565,120.408111,2026-05-19,0.6119999885559082
C1H941,雙冬,23.967378,120.802189,2026-05-19,0.5974000096321106
C0V760,橋頭,22.757806,120.30575,2026-05-19,0.5763000249862671
C0AH70,松山,25.04871,121.55042,2026-05-19,0.6444000005722046
C2UC20,長嶺,24.70894,121.61162,2026-05-19,0.7702999711036682
C0I370,魚池,23.895703,120.94135,2026-05-19,0.6395000219345093
C2M9C0,紫雲,23.494914,120.540253,2026-05-19,0.5967000126838684
C2K310,港尾布雞,23.74834,120.38439,2026-05-19,0.6294999718666077
C0D560,竹東,24.767147,121.057881,2026-05-19,0.6439999938011169
C1Z130,銅門,23.965694,121.492842,2026-05-19,0.7872999906539917
C0Z190,富世,24.14743,121.6297,2026-05-19,0.6622999906539917
C0SA30,都歷,23.020333,121.323642,2026-05-19,0.6675000190734863
C2RA10,大新,22.67558,120.57788,2026-05-19,0.5564000010490417
C0AD50,鶯歌,24.951533,121.346294,2026-05-19,0.6567000150680542
C0Z180,新城,24.040486,121.604878,2026-05-19,0.8019999861717224
C0K420,西螺,23.800407,120.467394,2026-05-19,0.6366999745368958
C0UA00,土場,24.576533,121.495333,2026-05-19,0.8131999969482422
C1Z140,荖溪,23.890575,121.45964,2026-05-19,0.33230000734329224
C2K250,崙背,23.75553,120.31893,2026-05-19,0.6410999894142151
C0G970,三豐,23.882,120.2895,2026-05-19,0.6764000058174133
C0F9R0,龍井,24.184536,120.528972,2026-05-19,0.6753000020980835
72V140,高改旗南分場,22.857861,120.516667,2026-05-19,0.5519000291824341
C0O840,王爺宮,23.222064,120.40085,2026-05-19,0.5918999910354614
C0UA80,大溪漁港,24.941801,121.902955,2026-05-19,0.7160999774932861
C0M880,好美里,23.3364,120.138,2026-05-19,0.6054999828338623
C0Z330,安通山,23.290728,121.348528,2026-05-19,0.7315999865531921
C0V440,鳳山,22.646653,120.356122,2026-05-19,0.5855000019073486
C1SA50,利嘉林道,22.82325,121.009389,2026-05-19,0.16599999368190765
C0N020,城西,23.0568,120.0956,2026-05-19,0.614799976348877
C2SA40,瑞和,22.974361,121.156697,2026-05-19,0.6877999901771545
CAN140,六官養殖協會,23.22881,120.29962,2026-05-19,0.5738000273704529
C0O980,新市,23.061614,120.298197,2026-05-19,0.5507000088691711
C0W120,西嶼,23.5626,119.468436,2026-05-19,0.6721000075340271
C0SA10,檳榔四格山,22.810031,121.109308,2026-05-19,0.7190999984741211
C0TB40,崇德,24.166144,121.657414,2026-05-19,0.6578999757766724
C0G860,社頭,23.897647,120.5862,2026-05-19,0.6072999835014343
C2TA60,六十石,23.22477,121.31861,2026-05-19,0.23019999265670776
C0I080,信義,23.689694,120.851036,2026-05-19,0.6297000050544739
C0R660,枋寮,22.367722,120.590647,2026-05-19,0.5720999836921692
C0T9I0,豐濱,23.583897,121.514806,2026-05-19,0.6697999835014343
C0R860,鼻頭,22.1043,120.8979,2026-05-19,0.620199978351593
C0H9C0,合歡山,24.143442,121.272547,2026-05-19,0.00039999998989515007
C0N050,蚵寮,23.301,120.1104,2026-05-19,0.607699990272522
C0V640,湖內,22.887139,120.2445,2026-05-19,0.5934000015258789
C2M9F0,安溪寮,23.350334,120.208039,2026-05-19,0.6062999963760376
C0R690,墾丁,21.966756,120.810269,2026-05-19,0.6265000104904175
C1U930,粉鳥林,24.497088,121.842479,2026-05-19,0.7343000173568726
C0G620,芬園,24.015678,120.6213,2026-05-19,0.6061999797821045
C1T950,太安,23.666719,121.370128,2026-05-19,0.7628999948501587
42HA10,萬大發電廠,23.978875,121.139639,2026-05-19,0.554099977016449
C0S900,蘭嶼高中,22.04909,121.51214,2026-05-19,0.654699981212616
C0V880,興達,22.8778,120.2127,2026-05-19,0.5942000150680542
C2A660,瑞芳,25.113169,121.801147,2026-05-19,0.7031999826431274
C2EA10,拉庫斯,24.53637,121.02137,2026-05-19,0.2190999984741211
C0K400,斗六,23.720583,120.541127,2026-05-19,0.6010000109672546
C2R980,竹田國中,22.61532,120.52412,2026-05-19,0.534500002861023
C2G980,田頭村,23.8263,120.444175,2026-05-19,0.6383000016212463
72HA00,中改埔里分場,23.903208,120.963364,2026-05-19,0.6388999819755554
C0T9H0,加路蘭山,23.682947,121.5274,2026-05-19,0.14020000398159027
C0G820,田尾,23.901669,120.509389,2026-05-19,0.6328999996185303
C2TB90,長橋,23.6874,121.46186,2026-05-19,0.7024999856948853
C0T9A0,月眉山,23.809928,121.539828,2026-05-19,0.25459998846054077
C0G880,二水,23.810742,120.6173,2026-05-19,0.6035000085830688
C1M400,菜瓜坪,23.251928,120.576103,2026-05-19,0.5989999771118164
E2P990,林試扇平站,22.9677,120.6857,2026-05-19,0.6926000118255615
C0AC40,大屯山,25.175675,121.522408,2026-05-19,0.032999999821186066
C0SB50,叭嗡嗡,23.047062,121.343223,2026-05-19,0.6805999875068665
C0Z290,赤柯山,23.36893,121.38293,2026-05-19,0.16339999437332153
C0R890,山海,21.9878,120.7091,2026-05-19,0.618399977684021
C2AK30,信賢,24.84108,121.53492,2026-05-19,0.76419997215271
C0V530,阿蓮,22.883208,120.327508,2026-05-19,0.5555999875068665
C0A550,泰平,24.971197,121.823711,2026-05-19,0.7091000080108643
A2C560,農工中心,24.985917,121.239833,2026-05-19,0.6717000007629395
C0SB10,美和,22.682078,121.060236,2026-05-19,0.705299973487854
C1I201,中心崙,23.728722,120.712097,2026-05-19,0.6696000099182129
C2A540,四堵,24.8926,121.745736,2026-05-19,0.722100019454956
C0X260,後壁,23.366358,120.362326,2026-05-19,0.5870000123977661
72D080,桃改五峰分場,24.612194,121.157167,2026-05-19,0.2667999863624573
C0UA60,樟樹山,24.41393,121.78325,2026-05-19,0.5005999803543091
C0D360,梅花,24.678347,121.208558,2026-05-19,0.6995999813079834
467410,臺南,22.99328,120.20492,2026-05-19,0.607200026512146
C1F911,新伯公,24.221361,120.841069,2026-05-19,0.6599000096321106
C0G660,溪湖,23.94835,120.479122,2026-05-19,0.633899986743927
C0A860,大坪,25.165914,121.632969,2026-05-19,0.6672999858856201
C0V870,文安,22.8025,120.2164,2026-05-19,0.580299973487854
C1I550,國六W023K,23.979067,120.867742,2026-05-19,0.6146000027656555
C2M810,里佳,23.389125,120.716647,2026-05-19,0.5817000269889832
C2K300,鹿南,23.63855,120.3636,2026-05-19,0.6194000244140625
C0N040,蘆竹溝,23.2344,120.0961,2026-05-19,0.6085000038146973
C0D700,關西,24.7977,121.1732,2026-05-19,0.7192000150680542
C0R820,白鷺,22.454275,120.666219,2026-05-19,0.711899995803833
C2M940,日野賀,23.434056,120.727169,2026-05-19,0.6984999775886536
C0C740,觀音工業區,25.064764,121.114856,2026-05-19,0.689300000667572
C2SD70,二層坪,22.94105,121.16838,2026-05-19,0.6859999895095825
C1I450,望鄉山,23.594153,120.944286,2026-05-19,0.003700000001117587
C0F9Y0,桃山,24.432739,121.303808,2026-05-19,0.001500000013038516
C0T9M0,靜浦,23.455167,121.495028,2026-05-19,0.673799991607666
C0AH10,永和,25.01125,121.508111,2026-05-19,0.6485000252723694
C0Z050,佳心,23.34567,121.21316,2026-05-19,0.3109000027179718
C0S990,山豬窟,22.318619,120.857372,2026-05-19,0.6581000089645386
C0U980,坪林石牌,24.86478,121.77396,2026-05-19,0.4223000109195709
C1T830,布洛灣,24.17184,121.57127,2026-05-19,0.7656000256538391
C0I490,萬大林道,23.928228,121.091411,2026-05-19,0.046799998730421066
467550,玉山,23.48718,120.95943,2026-05-19,0.0
C0M660,溪口,23.604131,120.403569,2026-05-19,0.6119999885559082
C0R770,保力,22.071122,120.764111,2026-05-19,0.6141999959945679
C2M620,瑞里,23.545133,120.675197,2026-05-19,0.6705999970436096
C0R670,楓港,22.190131,120.692156,2026-05-19,0.6187000274658203
C2TB30,吉安,23.94538,121.54803,2026-05-19,0.7060999870300293
C1I290,豐丘,23.668178,120.887417,2026-05-19,0.6794999837875366
C0V680,仁武,22.701083,120.347722,2026-05-19,0.5755000114440918
C0D580,寶山,24.735006,121.025192,2026-05-19,0.6743999719619751
G2F820,農試所(霧峰),24.031261,120.688133,2026-05-19,0.6284999847412109
C0U890,三星,24.66812,121.65302,2026-05-19,0.6818000078201294
C1I121,大鞍,23.678381,120.760017,2026-05-19,0.6704999804496765
C2M410,馬頭山,23.324361,120.582017,2026-05-19,0.5956000089645386
C1M600,頭凍,23.406364,120.603339,2026-05-19,0.421099990606308
82S580,茶改東部分場,22.907694,121.130139,2026-05-19,0.6816999912261963
C2W230,畜試所澎湖,23.628342,119.513206,2026-05-19,0.6560999751091003
C2G9E0,移民庄,23.9784,120.40283,2026-05-19,0.6771000027656555
C2M990,大巃頂,23.5547,120.61439,2026-05-19,0.3747999966144562
C0S980,勝林山,22.430439,120.8938,2026-05-19,0.4129999876022339
C2H9N0,仁愛東眼,24.026875,121.1205,2026-05-19,0.10939999669790268
C2C590,觀音,25.027072,121.153317,2026-05-19,0.6819999814033508
C1E670,南礦,24.538278,121.002836,2026-05-19,0.1348000019788742
C0AD30,蘆洲,25.086594,121.472331,2026-05-19,0.6521000266075134
C0A530,坪林,24.938183,121.70975,2026-05-19,0.6805999875068665
C1I510,線浸林道,23.761508,120.832956,2026-05-19,0.5080999732017517
C2H9R0,卓社,23.887894,121.000086,2026-05-19,0.28940001130104065
C2UC10,出水溪,24.615822,121.652253,2026-05-19,0.7261000275611877
C0S790,金崙,22.538122,120.966875,2026-05-19,0.7024000287055969
C1D420,太閣南,24.632808,121.160575,2026-05-19,0.09719999879598618
C0M730,嘉義市東區,23.457673,120.460531,2026-05-19,0.5852000117301941
467530,阿里山,23.508208,120.813242,2026-05-19,0.043299999088048935
CAW010,東引,26.3588,120.4836,2026-05-19,0.0746999979019165
C0U780,五結,24.68637,121.79794,2026-05-19,0.6621999740600586
C0Z270,蕃薯寮,23.73835,121.540108,2026-05-19,0.6053000092506409
C0X250,新營,23.310689,120.316681,2026-05-19,0.5777000188827515
C0G650,員林,23.946503,120.585597,2026-05-19,0.616599977016449
C0FB70,大甲溪埔,24.370625,120.620067,2026-05-19,0.6678000092506409
C0W160,烏坵,24.9944,119.44956,2026-05-19,0.19589999318122864
C2V250,甲仙,23.080106,120.591758,2026-05-19,0.5690000057220459
C0X140,西港,23.125608,120.203108,2026-05-19,0.5681999921798706
C0D760,大坪苗圃,24.5362,121.1108,2026-05-19,0.055399999022483826
C1E681,南勢山,24.421669,120.923831,2026-05-19,0.5023000240325928
C2I240,外大坪,23.9587,120.91788,2026-05-19,0.6438999772071838
C2M910,嘉義大學,23.471325,120.485903,2026-05-19,0.5827999711036682
467590,恆春,22.003897,120.746339,2026-05-19,0.6162999868392944
C0A570,桶後,24.848222,121.597992,2026-05-19,0.771399974822998
C0G810,埔心,23.947633,120.525456,2026-05-19,0.6328999996185303
C0R350,貓鼻頭,21.921774,120.7358,2026-05-19,0.6146000027656555
C1F9J1,清水林,24.071242,120.820419,2026-05-19,0.6373999714851379
C0G9B0,和美,24.105169,120.492131,2026-05-19,0.6664999723434448
C1U501,牛鬥,24.637836,121.573656,2026-05-19,0.7617999911308289
C1H000,翠峰,24.109397,121.205211,2026-05-19,0.04019999876618385
C1E770,公館,24.526914,120.830806,2026-05-19,0.6643999814987183
C2V310,美濃,22.898792,120.51907,2026-05-19,0.5619999766349792
C2H950,中寮,23.884447,120.766406,2026-05-19,0.6272000074386597
CAG100,王功漁港,23.96824,120.32586,2026-05-19,0.6844000220298767
466881,新北,24.959207,121.525196,2026-05-19,0.6468999981880188
C0X100,臺南市北區,23.010394,120.194228,2026-05-19,0.608299970626831
C1O870,大棟山,23.31157,120.52226,2026-05-19,0.505299985408783
C0W110,東莒,25.9652,119.98069,2026-05-19,0.07450000196695328
C1E711,馬拉邦山,24.367306,120.901656,2026-05-19,0.430400013923645
C2C810,八德蔬果,24.97858,121.28187,2026-05-19,0.6679999828338623
C0V800,六龜,22.997889,120.633583,2026-05-19,0.5587999820709229
C2R9A0,高士國小,22.12553,120.84653,2026-05-19,0.647599995136261
C0R920,塭仔,22.4169,120.5197,2026-05-19,0.5881999731063843
C0R760,南仁湖,22.084681,120.863353,2026-05-19,0.621999979019165
C0Z200,萬榮,23.709219,121.420106,2026-05-19,0.7088000178337097
72S590,東改賓朗果園,22.813889,121.071278,2026-05-19,0.7221999764442444
C2R990,泰武,22.60686,120.69765,2026-05-19,0.6879000067710876
C1AI60,國一39K邊坡,25.064361,121.383836,2026-05-19,0.6621000170707703
C0R440,大漢山,22.405264,120.753181,2026-05-19,0.023000000044703484
C1G9D0,國一S218K,23.890641,120.493253,2026-05-19,0.6363000273704529
A2N290,臺南蘭花園區,23.340258,120.379661,2026-05-19,0.6043000221252441
C1S880,壽卡,22.238911,120.858903,2026-05-19,0.6575000286102295
C0B050,八斗子,25.144754,121.79167,2026-05-19,0.6962000131607056
C1F941,雪嶺,24.280586,121.026642,2026-05-19,0.007899999618530273
C2H9L0,馬烈霸,24.1512,121.201772,2026-05-19,0.24629999697208405
B2Q810,畜試南區分所,21.945583,120.802167,2026-05-19,0.617900013923645
C0R590,里港,22.77919,120.49459,2026-05-19,0.5468999743461609
C0SA60,知本（水試所）,22.702394,121.082761,2026-05-19,0.7020000219345093
C1H971,六分寮,23.92507,120.6378,2026-05-19,0.6466000080108643
C0I410,名間,23.837053,120.701447,2026-05-19,0.65420001745224
CAQ030,崎峰國小,22.42565,120.49521,2026-05-19,0.5777999758720398
C0C670,龍潭,24.870056,121.221389,2026-05-19,0.7107999920845032
C0X130,官田,23.193217,120.315422,2026-05-19,0.5651000142097473
C0C720,竹圍,25.112692,121.239824,2026-05-19,0.6776999831199646
C0Z230,和平,24.30717,121.77007,2026-05-19,0.6931999921798706
C0AI20,白沙灣,25.283128,121.519058,2026-05-19,0.7028999924659729
C0S660,下馬,23.150427,121.070312,2026-05-19,0.5138000249862671
C2TB50,麻汝,23.42554,121.39358,2026-05-19,0.6761999726295471
U2H480,溪頭,23.670306,120.798194,2026-05-19,0.4372999966144562
C0H9A0,神木村,23.532742,120.843667,2026-05-19,0.5641999840736389
C1V231,高中,23.134911,120.716711,2026-05-19,0.6941999793052673
E2HA20,林試畢祿溪站,24.226944,121.308522,2026-05-19,0.17759999632835388
C1F9W0,德基,24.254783,121.190261,2026-05-19,0.5372999906539917
C0D660,新竹市東區,24.798681,120.986942,2026-05-19,0.6564000248908997
C0T790,大禹嶺,24.186117,121.316086,2026-05-19,0.016200000420212746
C0K480,莿桐,23.761192,120.502372,2026-05-19,0.6014999747276306
C1H840,國三N238K,23.841008,120.707711,2026-05-19,0.6800000071525574
C0U520,雙連埤,24.753033,121.641303,2026-05-19,0.49230000376701355
C0K470,林內,23.748675,120.609642,2026-05-19,0.5931000113487244
C0AH90,福山植物園,24.760717,121.58135,2026-05-19,0.744700014591217
C0E930,龍鳳,24.700034,120.859125,2026-05-19,0.6769000291824341
C1F9C1,白冷,24.182844,120.929889,2026-05-19,0.7031999826431274
C0M750,布袋,23.380878,120.167789,2026-05-19,0.6431999802589417
C0K450,大埤,23.646074,120.431537,2026-05-19,0.608299970626831
C0AK30,硬漢嶺,25.136097,121.426372,2026-05-19,0.32589998841285706
C0AI30,三重,25.057328,121.500629,2026-05-19,0.6459000110626221
G2P820,農試鳳山分所,22.646611,120.356083,2026-05-19,0.5855000019073486
C2SD50,順那,23.04166,121.29332,2026-05-19,0.6715999841690063
12Q970,東港工作站,22.479997,120.466058,2026-05-19,0.5777999758720398
C0R130,阿禮,22.742908,120.743678,2026-05-19,0.698199987411499
C0A890,雙溪,25.036003,121.864242,2026-05-19,0.7425000071525574
C2M9E0,旺來山,23.555153,120.486463,2026-05-19,0.5946999788284302
C1D630,飛鳳山,24.766464,121.119178,2026-05-19,0.6262000203132629
C0C800,四稜,24.64733,121.4293,2026-05-19,0.20600000023841858
467571,新竹,24.828575,121.01455,2026-05-19,0.6676999926567078
C1S820,金峰,22.590969,120.933236,2026-05-19,0.7092999815940857
C2K610,草嶺石壁,23.602469,120.707731,2026-05-19,0.7250000238418579
C2N210,岩坑,23.24614,120.47458,2026-05-19,0.6060000061988831
C0S930,延平,22.902581,121.084058,2026-05-19,0.6797999739646912
C0N030,四草,23.0235,120.1116,2026-05-19,0.6141999959945679
C0X180,山上,23.0757,120.363253,2026-05-19,0.5676000118255615
C0T820,天祥,24.179597,121.495639,2026-05-19,0.7523000240325928
C1V600,藤枝,23.071961,120.757042,2026-05-19,0.09480000287294388
C0D690,外湖,24.917735,120.968711,2026-05-19,0.6608999967575073
C0S710,鹿野,22.917711,121.122994,2026-05-19,0.6758000254631042
C0M760,民雄,23.551754,120.428457,2026-05-19,0.6108999848365784
C2D730,寶山農場,24.732444,120.976153,2026-05-19,0.6395999789237976
C0E590,通霄,24.471892,120.704622,2026-05-19,0.6446999907493591
B2U990,畜試東區分所,24.669039,121.832561,2026-05-19,0.6621999740600586
C0R540,佳冬,22.419456,120.552375,2026-05-19,0.588100016117096
C1G691,下水埔,23.816114,120.5676,2026-05-19,0.6013000011444092
C0FA90,小雪山林道,24.29515,121.03651,2026-05-19,0.0044999998062849045
C2TA90,加納納,23.466421,121.359867,2026-05-19,0.6791999936103821
466920,臺北,25.037658,121.514853,2026-05-19,0.6444000005722046
C0R870,興海,21.9752,120.8439,2026-05-19,0.617900013923645
C0K560,棋山,23.68645,120.603417,2026-05-19,0.5917999744415283
C0FA80,小雪山天池,24.28025,121.02627,2026-05-19,0.007899999618530273
C2M930,石卓,23.478744,120.702264,2026-05-19,0.2126999944448471
C1I310,西巒,23.754486,120.883956,2026-05-19,0.7177000045776367
C2FB60,頭櫃山,24.129842,120.858925,2026-05-19,0.32260000705718994
C0UA50,西帽山,24.555361,121.802628,2026-05-19,0.38530001044273376
72N100,臺南農改場,23.0605,120.342194,2026-05-19,0.5494999885559082
C0S970,加津林,22.416211,120.926942,2026-05-19,0.6147000193595886
C0F9N0,大里,24.092464,120.701378,2026-05-19,0.6377999782562256
C1R290,石門山,22.112611,120.756597,2026-05-19,0.6230000257492065
C0T9N0,富里,23.171639,121.249378,2026-05-19,0.7577000260353088
C0V660,岡山,22.797078,120.294958,2026-05-19,0.58160001039505
C1U670,寒溪,24.634,121.71691,2026-05-19,0.6807000041007996
C0B060,暖暖,25.0957,121.7403,2026-05-19,0.7092000246047974
C0Z300,東里,23.26853,121.30547,2026-05-19,0.7635999917984009
C0R830,高士,22.121825,120.836781,2026-05-19,0.6272000074386597
466950,彭佳嶼,25.627975,122.079744,2026-05-19,0.4268999993801117
C0V900,汕尾,22.4782,120.4151,2026-05-19,0.5666000247001648
C0F9X0,大雅(中科園區),24.21528,120.62445,2026-05-19,0.6482999920845032
C0R140,瑪家,22.682903,120.686639,2026-05-19,0.7163000106811523
C0I530,小奇萊,24.131764,121.295717,2026-05-19,0.001500000013038516
C1AI50,國三N016K,25.034164,121.619664,2026-05-19,0.6474999785423279
C0O960,崎頂,22.959547,120.369317,2026-05-19,0.5498999953269958
C2K280,四湖,23.6304,120.22717,2026-05-19,0.6532999873161316
C1D410,白蘭,24.579364,121.079947,2026-05-19,0.12120000272989273
467990,馬祖,26.169467,119.923158,2026-05-19,0.03700000047683716
C0Z160,鳳林,23.746114,121.453411,2026-05-19,0.7017999887466431
C0G960,福寶,24.0443,120.3814,2026-05-19,0.6741999983787537
C0X210,白河,23.347466,120.414427,2026-05-19,0.6057999730110168
C0R810,內獅,22.305064,120.642986,2026-05-19,0.6064000129699707
72AI40,桃改樹林分場,24.944503,121.386972,2026-05-19,0.6419000029563904
C0I520,玉山風口,23.470489,120.955994,2026-05-19,0.0
C0C650,平鎮,24.897503,121.214636,2026-05-19,0.6607000231742859
C1T800,洛韶,24.204558,121.453956,2026-05-19,0.17509999871253967
U2HA30,臺大和社,23.590856,120.888864,2026-05-19,0.6064000129699707
C0V630,茄萣,22.906642,120.182608,2026-05-19,0.5942000150680542
C0FB10,出雲山苗圃,24.23105,120.90475,2026-05-19,0.7664999961853027
C2E420,竹南,24.70898,120.88897,2026-05-19,0.67330002784729
C2D480,打鐵坑,24.849664,121.150789,2026-05-19,0.6973999738693237
C1SA70,都蘭,22.87794,121.226881,2026-05-19,0.6761000156402588
C2V570,吉東,22.85418,120.54539,2026-05-19,0.546999990940094
C2H9Y0,松茗,23.8167,120.650765,2026-05-19,0.6902999877929688
C0UB60,明池,24.650688,121.475277,2026-05-19,0.15139999985694885
C2M9D0,何竹子腳,23.53641,120.38203,2026-05-19,0.6018999814987183
C0R341,牡丹,22.130036,120.792639,2026-05-19,0.6428999900817871
C1M390,龍美,23.406728,120.654417,2026-05-19,0.6980999708175659
C0SB60,白守蓮,23.126769,121.401914,2026-05-19,0.6949999928474426
C0G920,永靖,23.924703,120.547533,2026-05-19,0.6323000192642212
C0M700,竹崎,23.526178,120.555508,2026-05-19,0.6010000109672546
C0I420,國姓,24.037803,120.855072,2026-05-19,0.6097000241279602
C0I360,水里,23.812553,120.849792,2026-05-19,0.6685000061988831
C1Z040,立山,23.443356,121.327375,2026-05-19,0.5284000039100647
C0SD20,富山,22.822383,121.190825,2026-05-19,0.6653000116348267
C1U840,東澳嶺,24.5378,121.8485,2026-05-19,0.3727000057697296
C0UA40,西德山,24.560647,121.752608,2026-05-19,0.17569999396800995
C1A9N0,四十份,24.934158,121.593283,2026-05-19,0.635200023651123
C0R750,四林格山,22.076989,120.802439,2026-05-19,0.6305999755859375
C0M640,中埔,23.42538,120.5229,2026-05-19,0.5864999890327454
467790,墾丁雷達站,21.948235,120.808028,2026-05-19,0.6159999966621399
C0U600,礁溪,24.817539,121.765608,2026-05-19,0.6984999775886536
C1U920,思源,24.393125,121.347214,2026-05-19,0.3553999960422516
C0X170,關廟,22.963017,120.327797,2026-05-19,0.5533000230789185
C0V720,林園,22.507747,120.394511,2026-05-19,0.5633000135421753
C2A560,福山,24.776203,121.502811,2026-05-19,0.7710000276565552
467080,宜蘭,24.763975,121.756528,2026-05-19,0.699999988079071
C1K540,口湖,23.585344,120.180517,2026-05-19,0.6603000164031982
C0V850,蚵仔寮,22.7256,120.2527,2026-05-19,0.580299973487854
467620,蘭嶼,22.0369,121.55843,2026-05-19,0.5580999851226807
C0M800,茶山,23.299075,120.664767,2026-05-19,0.5860999822616577
G2L020,農試嘉義分所,23.485028,120.473806,2026-05-19,0.5825999975204468
C2F000,大肚,24.15295,120.572117,2026-05-19,0.661899983882904
C0R100,尾寮山,22.833111,120.683889,2026-05-19,0.6875
C2M950,太和,23.538372,120.702961,2026-05-19,0.6456000208854675
C0R700,枋山,22.247814,120.660794,2026-05-19,0.6064000129699707
C0N010,鯤鯓國小,23.1879,120.0889,2026-05-19,0.6079999804496765
C1T980,龍澗,24.023289,121.411328,2026-05-19,0.13009999692440033
C2SD60,明峰,22.8671,121.11825,2026-05-19,0.7215999960899353
U2HA50,臺大竹山,23.756972,120.681556,2026-05-19,0.6570000052452087
C0F9P0,清水,24.312297,120.562242,2026-05-19,0.6948000192642212
C0AD40,土城,24.973208,121.445169,2026-05-19,0.6485000252723694
C2C480,桃園,24.992425,121.323172,2026-05-19,0.6679999828338623
C0K590,雲林東勢,23.674192,120.255721,2026-05-19,0.6378999948501587
C2E980,和興,24.505319,120.923016,2026-05-19,0.7351999878883362
C1I230,九份二山,23.961944,120.845,2026-05-19,0.609499990940094
C1E691,南湖,24.40135,120.837533,2026-05-19,0.36730000376701355
C1D380,新埔,24.84745,121.03834,2026-05-19,0.6628000140190125
C0UB20,壯圍,24.7359,121.8163,2026-05-19,0.6953999996185303
C1I050,丹大,23.753747,121.141147,2026-05-19,0.0034000000450760126
A2K570,古坑(花卉中心),23.633531,120.552392,2026-05-19,0.6132000088691711
C0M670,大林,23.600616,120.45841,2026-05-19,0.6108999848365784
C0U910,冬山,24.63373,121.7937,2026-05-19,0.6621999740600586
C2G870,芳苑,23.922303,120.320025,2026-05-19,0.6784999966621399
C0G720,溪州,23.851589,120.499093,2026-05-19,0.6352999806404114
C0I540,奇萊稜線,24.109231,121.326456,2026-05-19,0.0003000000142492354
C0FA60,鞍馬山工作站,24.267064,121.000793,2026-05-19,0.057500001043081284
C0AC70,信義,25.037822,121.564597,2026-05-19,0.6362000107765198
C2H9F0,柑林,24.018658,120.847072,2026-05-19,0.6096000075340271
C2N200,口宵里,23.15987,120.45988,2026-05-19,0.597599983215332
C1I150,青雲,23.793361,120.949378,2026-05-19,0.6168000102043152
C0X110,臺南市南區,22.961189,120.188378,2026-05-19,0.5649999976158142
C0G770,福興,24.041289,120.437669,2026-05-19,0.6735000014305115
C0S920,金峰嘉蘭,22.594789,120.960825,2026-05-19,0.6359000205993652
C1V220,小關山,23.154217,120.813603,2026-05-19,0.02199999988079071
C0R150,三地門,22.709889,120.639944,2026-05-19,0.5552999973297119
82C160,茶改場,24.908472,121.185333,2026-05-19,0.6496999859809875
C0K580,高鐵雲林,23.737456,120.417944,2026-05-19,0.6295999884605408
C0F9Z0,雪山東峰,24.388792,121.268675,2026-05-19,0.004600000102072954
C1V780,多納林道,22.888028,120.737917,2026-05-19,0.621399998664856
C2W030,金門農試所,24.448431,118.451786,2026-05-19,0.5479000210762024
C1I070,和社,23.591131,120.888861,2026-05-19,0.6064000129699707
C0D650,湖口,24.904794,121.043628,2026-05-19,0.6776000261306763
C0X200,左鎮,23.056758,120.408522,2026-05-19,0.5771999955177307
C2SD80,再來山,23.34371,121.44122,2026-05-19,0.6901000142097473
C0G950,防潮門,24.1835,120.4871,2026-05-19,0.6732000112533569
C0Z320,清水林道,23.27125,121.188272,2026-05-19,0.5837000012397766
C0M740,六腳,23.492871,120.290625,2026-05-19,0.6119999885559082
C2M970,碧湖,23.568632,120.624165,2026-05-19,0.38769999146461487
C0E870,高鐵苗栗,24.60725,120.826094,2026-05-19,0.6744999885559082
466900,淡水,25.164889,121.448906,2026-05-19,0.6728000044822693
C0Z080,富源,23.587642,121.378225,2026-05-19,0.6632999777793884
C0R160,鹽埔,22.739558,120.530778,2026-05-19,0.5404000282287598
C0S690,太麻里,22.60902,120.98533,2026-05-19,0.6926000118255615
C0S770,大溪山,22.478475,120.943325,2026-05-19,0.6668999791145325
C0B040,大武崙,25.166676,121.706993,2026-05-19,0.678600013256073
C0X300,鹿寮,23.386047,120.477331,2026-05-19,0.5871000289916992
C1T990,高寮,23.394239,121.356808,2026-05-19,0.6944000124931335
C0S960,香蘭,22.587569,120.993375,2026-05-19,0.6319000124931335
C2O880,南化,23.17332,120.59413,2026-05-19,0.5900999903678894
C0Z020,明里,23.208717,121.262342,2026-05-19,0.7583000063896179
C0SA80,土坂,22.453108,120.887572,2026-05-19,0.6575000286102295
C0T9G0,鳳林山,23.735269,121.420131,2026-05-19,0.5569999814033508
C0E920,通霄漁港,24.498589,120.673876,2026-05-19,0.6607000231742859
C0S950,七塊厝,22.954453,121.229922,2026-05-19,0.6769000291824341
C1V160,達卡努瓦,23.279811,120.705319,2026-05-19,0.6809999942779541
C2E970,八甲,24.535811,120.795983,2026-05-19,0.6599000096321106
C0K510,水林,23.572924,120.24597,2026-05-19,0.6383000016212463
C0AJ20,野柳,25.20703,121.690021,2026-05-19,0.6762999892234802
C1Z110,三棧,24.11557,121.60501,2026-05-19,0.525600016117096
C0UA90,石城,24.980444,121.951214,2026-05-19,0.6998999714851379
C0M710,東石,23.458927,120.15385,2026-05-19,0.6432999968528748
467290,古坑,23.380729,120.336861,2026-05-19,0.7206000089645386
C0U750,龜山島,24.841667,121.953133,2026-05-19,0.6646000146865845
C0AJ50,水湳洞,25.123695,121.862238,2026-05-19,0.7437000274658203
C0A980,社子,25.109508,121.469681,2026-05-19,0.6586999893188477
C0A940,金山,25.223628,121.643967,2026-05-19,0.6762999892234802
C0FB20,雪山橋,24.23192,120.9786,2026-05-19,0.07739999890327454
C0I380,集集,23.828206,120.801467,2026-05-19,0.6671000123023987
C2F860,梨山,24.247522,121.243669,2026-05-19,0.12960000336170197
C0K291,宜梧,23.536281,120.169329,2026-05-19,0.6620000004768372
C0M680,太保,23.455062,120.331455,2026-05-19,0.5861999988555908
C0AI10,屈尺,24.92184,121.54475,2026-05-19,0.6468999981880188
C0V700,三民,22.645017,120.311233,2026-05-19,0.6031000018119812
C0W180,七美,23.219333,119.444892,2026-05-19,0.722100019454956
C0K460,斗南,23.678734,120.478359,2026-05-19,0.6078000068664551
C0UB70,太平山中間站,24.542003,121.513453,2026-05-19,0.7768999934196472
C0X290,北門,23.267772,120.125481,2026-05-19,0.607699990272522
C0V490,新興,22.627422,120.298803,2026-05-19,0.5990999937057495
C1S870,南美山,23.15025,121.382333,2026-05-19,0.692799985408783
C2D790,石鹿,24.56551,121.15841,2026-05-19,0.26930001378059387
C0R220,潮州,22.534361,120.54,2026-05-19,0.5467000007629395
C1E511,新開,24.347703,120.827019,2026-05-19,0.6581000089645386
C0G730,二林,23.903325,120.376081,2026-05-19,0.6686000227928162
C2G840,北斗,23.877586,120.514222,2026-05-19,0.635699987411499
C0A9C0,天母,25.117494,121.537169,2026-05-19,0.6380000114440918
C1O921,楠西,23.183511,120.484083,2026-05-19,0.5945000052452087
C0M520,東後寮,23.369908,120.248065,2026-05-19,0.6026999950408936
C0Z170,卓溪,23.3443,121.3029,2026-05-19,0.7657999992370605
C2M9A0,大華,23.4824,120.67491,2026-05-19,0.7185999751091003
C1V190,南天池,23.27403,120.91176,2026-05-19,0.009200000204145908
467300,東吉島,23.25727,119.66762,2026-05-19,0.6995999813079834
C2S9A0,北份子寮,22.78561,121.07813,2026-05-19,0.7075999975204468
C1I131,桶頭,23.641944,120.654117,2026-05-19,0.6581000089645386
CAC040,拉拉山,24.699317,121.427133,2026-05-19,0.03819999843835831
C1S850,豐南,23.122139,121.262389,2026-05-19,0.6844000220298767
C0U650,玉蘭,24.675286,121.587061,2026-05-19,0.7700999975204468
C2R240,萬巒,22.527306,120.625111,2026-05-19,0.5631999969482422
C0U940,羅東,24.68184,121.74934,2026-05-19,0.6869000196456909
C0R280,檳榔,22.076078,120.836777,2026-05-19,0.6155999898910522
C0I460,南投,23.911469,120.687331,2026-05-19,0.6378999948501587
C0R780,滿州,22.024403,120.839892,2026-05-19,0.6308000087738037
C0V650,彌陀,22.783806,120.246361,2026-05-19,0.5813000202178955
C2TB80,庄子底,23.71794,121.49438,2026-05-19,0.7023000121116638
C0E830,苑裡,24.439714,120.653053,2026-05-19,0.6822999715805054
C2FA00,烏石坑,24.273503,120.947617,2026-05-19,0.7692999839782715
C2UC40,中城,24.62865,121.74745,2026-05-19,0.6635000109672546
C0R650,竹田,22.58486,120.54344,2026-05-19,0.535099983215332
C0UA30,白嶺,24.527819,121.519031,2026-05-19,0.2353000044822693
C0A870,五指山,25.132153,121.608692,2026-05-19,0.20600000023841858
82H840,茶改南部分場,23.762528,120.7405,2026-05-19,0.6812000274658203
C0C790,東眼山,24.8284,121.40888,2026-05-19,0.460099995136261
C0R790,九棚,22.14195,120.889281,2026-05-19,0.629800021648407
C1F9B1,桐林,24.066172,120.735194,2026-05-19,0.631600022315979
C0A970,三貂角,25.007606,122.002058,2026-05-19,0.6967999935150146
C1Z240,中平林道,23.42115,121.26763,2026-05-19,0.776199996471405
C0SA00,歷坵,22.520969,120.89185,2026-05-19,0.7369999885559082
C0U720,南山,24.43742,121.38167,2026-05-19,0.7300999760627747
C1R630,龍泉,22.66701,120.59091,2026-05-19,0.5564000010490417
C0G830,埤頭,23.866003,120.452806,2026-05-19,0.6360999941825867
12J990,口湖工作站,23.589978,120.180394,2026-05-19,0.6603000164031982
C0B020,基隆嶼,25.19141,121.78391,2026-05-19,0.6984999775886536
C0V620,永安,22.82315,120.236856,2026-05-19,0.5817000269889832
C0R900,竹坑,22.1385,120.7022,2026-05-19,0.6187000274658203
C0A640,石碇,24.993969,121.662917,2026-05-19,0.6794000267982483
A2K630,臺大雲林校區,23.730628,120.423903,2026-05-19,0.628600001335144
C0UA20,多加屯,24.368614,121.373189,2026-05-19,0.01140000019222498
C1T920,中興,23.769503,121.498653,2026-05-19,0.6972000002861023
C0D670,海天一線,24.831986,120.914438,2026-05-19,0.6277999877929688
467540,大武,22.35572,120.90374,2026-05-19,0.6614000201225281
C0R741,獅子,22.202308,120.705236,2026-05-19,0.6089000105857849
C1F9F1,伯公龍,24.272392,120.849047,2026-05-19,0.6621000170707703
E2K600,四湖植物園,23.676986,120.163433,2026-05-19,0.6532999873161316
C0B010,七堵,25.094819,121.71713,2026-05-19,0.6980999708175659
C2R550,新埤,22.467947,120.582894,2026-05-19,0.5741000175476074
C0SD40,牛頭山,22.676661,121.506944,2026-05-19,0.6651999950408936
C1I470,杉林溪,23.639517,120.786444,2026-05-19,0.4180000126361847
C2I090,鳳凰,23.728081,120.787347,2026-05-19,0.6182000041007996
C0C490,八德,24.928708,121.283289,2026-05-19,0.645799994468689
C0A9F0,內湖,25.079422,121.57545,2026-05-19,0.6362000107765198
C0S810,東河,22.972672,121.303986,2026-05-19,0.6790000200271606
72D680,桃改新埔分場,24.834444,121.066111,2026-05-19,0.6628999710083008
C1R610,西大武山,22.617719,120.7322,2026-05-19,0.026399999856948853
C0K500,元長,23.64981,120.315024,2026-05-19,0.6381000280380249
467490,臺中,24.145736,120.684075,2026-05-19,0.6395000219345093
C0SB80,長濱漁港,23.313644,121.459994,2026-05-19,0.6924999952316284
C0R730,大坪頂,22.024633,120.69355,2026-05-19,0.6111999750137329
C0R680,佳樂水,21.993578,120.861633,2026-05-19,0.617900013923645
C0AK10,太平里,25.134937,121.364899,2026-05-19,0.6776999831199646
C1V830,國三S383K,22.781967,120.426475,2026-05-19,0.5382000207901001
C2H9M0,發祥,24.154094,121.164517,2026-05-19,0.6467999815940857
C1M610,石磐龍,23.496606,120.663506,2026-05-19,0.7028999924659729
C0E750,苗栗,24.564569,120.824575,2026-05-19,0.6714000105857849
C0C710,大溪永福,24.892936,121.324975,2026-05-19,0.6725000143051147
C2S9B0,利吉,22.86246,121.15486,2026-05-19,0.6847000122070312
C0C730,中大臨海站,24.966126,121.008581,2026-05-19,0.6786999702453613
C2E540,龍溪,24.606489,120.783933,2026-05-19,0.6748999953269958
C0U870,大礁溪,24.791042,121.675047,2026-05-19,0.373199999332428
C2A880,福隆,25.017842,121.942083,2026-05-19,0.6998000144958496
C1E890,國三N149K,24.463414,120.680019,2026-05-19,0.63919997215271
C0K430,褒忠,23.690938,120.303634,2026-05-19,0.6413000226020813
C0A520,山佳,24.974944,121.402008,2026-05-19,0.6395999789237976
C2G9A0,畜試所彰化,23.86045,120.557964,2026-05-19,0.6068999767303467
72C440,桃園農改場,24.950944,121.030583,2026-05-19,0.6820999979972839
C2E520,大湖,24.414939,120.870872,2026-05-19,0.6444000005722046
C0AJ60,六塊厝,25.24,121.4481,2026-05-19,0.6930999755859375
C0F850,東勢,24.246428,120.833047,2026-05-19,0.6565999984741211
C0AH50,林口,25.072181,121.38084,2026-05-19,0.6603999733924866
C0FB30,八仙山苗圃,24.192719,121.001366,2026-05-19,0.7656999826431274
C2I210,蘆竹湳,23.93398,120.81209,2026-05-19,0.6323999762535095
C0C700,中壢,24.977661,121.256375,2026-05-19,0.6653000116348267
C0M850,表湖,23.24186,120.64166,2026-05-19,0.6845999956130981
C0Z061,玉里,23.3215,121.339656,2026-05-19,0.7641000151634216
C1F9D1,白毛台,24.158325,120.886933,2026-05-19,0.7027999758720398
C1O940,東山服務區,23.286016,120.398472,2026-05-19,0.6032000184059143
C0S840,南田,22.279725,120.889208,2026-05-19,0.6608999967575073
C2F990,摩天嶺,24.322458,120.936819,2026-05-19,0.7666000127792358
C2N190,烏樹,23.32393,120.36989,2026-05-19,0.5813000202178955
C2O810,曾文,23.219681,120.497328,2026-05-19,0.6071000099182129
B2E890,畜試北區分所,24.527806,120.770972,2026-05-19,0.6689000129699707
A2K360,水試臺西試驗場,23.717231,120.190522,2026-05-19,0.6468999981880188
C2K620,馬光農場,23.721453,120.378864,2026-05-19,0.6294999718666077
C2UC30,金洋,24.42465,121.74573,2026-05-19,0.7710999846458435
C1R250,力里,22.428117,120.629228,2026-05-19,0.5766000151634216
E2P980,林試六龜中心,22.991703,120.645722,2026-05-19,0.5597000122070312
C1TA00,太魯閣,24.15773,121.6236,2026-05-19,0.7656000256538391
C0V690,鼓山,22.623325,120.275575,2026-05-19,0.5990999937057495
C2H9J0,中台,23.9996,120.938739,2026-05-19,0.6721000075340271
C0R270,琉球嶼,22.332244,120.362236,2026-05-19,0.6521000266075134
C0W240,九宮,24.423753,118.240186,2026-05-19,0.5475999712944031
C0X280,將軍,23.214999,120.13577,2026-05-19,0.607699990272522
C0AJ40,石門,25.273672,121.601198,2026-05-19,0.694599986076355
C0TA40,秀林,24.302864,121.731144,2026-05-19,0.17839999496936798
C0R480,長治,22.693128,120.542622,2026-05-19,0.5503000020980835
C0T9E0,大坑,23.880628,121.581981,2026-05-19,0.70660001039505
C0F9K0,大安,24.345061,120.588025,2026-05-19,0.6819999814033508
C0I010,廬山,24.033311,121.181808,2026-05-19,0.382099986076355
C0M720,番路,23.464657,120.554156,2026-05-19,0.5895000100135803
C1E480,鳳美,24.554803,121.034747,2026-05-19,0.7427999973297119
C0W140,金沙,24.488292,118.408778,2026-05-19,0.5728999972343445
C1M870,國三N285K,23.550319,120.505833,2026-05-19,0.5956000089645386
C2F930,大甲,24.347667,120.640403,2026-05-19,0.6741999983787537
C0E791,卓蘭,24.3126,120.8244,2026-05-19,0.661899983882904
C0R560,新園,22.5434,120.461558,2026-05-19,0.5633000135421753
C2E430,南庄,24.601775,121.000214,2026-05-19,0.6509000062942505
C0SA20,金崙山,22.567419,120.959667,2026-05-19,0.2768000066280365
C1D640,外坪(五指山),24.644447,121.090961,2026-05-19,0.39899998903274536
C0V840,鳳鼻頭,22.5083,120.3591,2026-05-19,0.5665000081062317
C0FA20,溫寮,24.372177,120.583125,2026-05-19,0.6710000038146973
C0I390,仁愛,24.022122,121.132206,2026-05-19,0.3634999990463257
C0TA50,和仁,24.241394,121.712472,2026-05-19,0.7020999789237976
C0F0D0,審馬陣,24.381675,121.4203,2026-05-19,0.002199999988079071
C0UB90,太平山莊,24.494171,121.536209,2026-05-19,0.03880000114440918
C2X060,下營,23.226806,120.256291,2026-05-19,0.5738000273704529
C0K600,箔子寮,23.6197,120.14,2026-05-19,0.6603000164031982
C0AH80,深坑,25.002703,121.628328,2026-05-19,0.6855000257492065
C0U710,太平山,24.505486,121.525656,2026-05-19,0.0430000014603138
C1V340,大津,22.888322,120.645986,2026-05-19,0.5623000264167786
C0UB10,蘇澳,24.5969,121.8571,2026-05-19,0.7243000268936157
CAJ050,海口故事園區,23.57543,120.14121,2026-05-19,0.6603000164031982
C0R640,東港,22.46247,120.44074,2026-05-19,0.5665000081062317
C0R850,林邊,22.4634,120.5339,2026-05-19,0.5776000022888184
E2H360,蓮華池,23.918333,120.885278,2026-05-19,0.6299999952316284
K2F750,種苗改良場,24.225972,120.800917,2026-05-19,0.667900025844574
C0AG80,中和,24.991622,121.491792,2026-05-19,0.6485000252723694
C1U850,觀音海岸,24.38319,121.77856,2026-05-19,0.3433000147342682
C2TB70,達谷寮,23.38,121.35968,2026-05-19,0.6983000040054321
C0I110,竹山,23.761225,120.688156,2026-05-19,0.6561999917030334
C0E850,大河,24.618069,120.948578,2026-05-19,0.6536999940872192
C2R260,春日,22.370361,120.628306,2026-05-19,0.6026999950408936
467350,澎湖,23.565503,119.563094,2026-05-19,0.6909000277519226
72U480,花改蘭陽分場,24.686306,121.716583,2026-05-19,0.6866999864578247
C0SD30,東清國小,22.057128,121.564922,2026-05-19,0.6514000296592712
C1T810,慈恩,24.192044,121.388386,2026-05-19,0.09799999743700027
C1I101,溪頭,23.661789,120.807647,2026-05-19,0.25360000133514404
C1V200,梅山,23.268447,120.823556,2026-05-19,0.6854000091552734
C0F9V0,新社,24.200172,120.815806,2026-05-19,0.663100004196167
C1T940,大觀,23.714206,121.373133,2026-05-19,0.40560001134872437
C0X120,麻豆,23.183289,120.248611,2026-05-19,0.5673999786376953
C0E550,明德,24.583486,120.885411,2026-05-19,0.6445000171661377
C0M780,鹿草,23.41134,120.30835,2026-05-19,0.6028000116348267
C2G640,鹿港,24.0753,120.430481,2026-05-19,0.6675000190734863
C0AC60,三峽,24.939025,121.369728,2026-05-19,0.646399974822998
C0X230,鹽水,23.272621,120.247641,2026-05-19,0.6062999963760376
C2K290,崙內,23.69525,120.35601,2026-05-19,0.6194000244140625
C0K330,虎尾,23.719183,120.442036,2026-05-19,0.6279000043869019
C2N180,鹿陶洋,23.14325,120.48352,2026-05-19,0.5945000052452087
C0Z070,舞鶴,23.46811,121.37407,2026-05-19,0.678600013256073
C0C660,楊梅,24.912375,121.143047,2026-05-19,0.6542999744415283
C0FB00,大雪山,24.254668,121.007374,2026-05-19,0.05429999902844429
467650,日月潭,23.881325,120.90805,2026-05-19,0.6244999766349792
C0A931,三和,25.233153,121.595236,2026-05-19,0.680899977684021
C2M920,朴子農改,23.469889,120.259383,2026-05-19,0.6039999723434448
C0S740,池上,23.119628,121.209469,2026-05-19,0.6973000168800354
B2N890,畜產試驗所,23.058972,120.336406,2026-05-19,0.5497999787330627
C0M690,水上,23.419734,120.388909,2026-05-19,0.59170001745224
C1I330,楓樹林,23.986803,121.076117,2026-05-19,0.275299996137619
C1H900,清流,24.080775,120.962997,2026-05-19,0.6725000143051147
C0F9L0,后里,24.310436,120.729725,2026-05-19,0.6471999883651733
C1A630,下盆,24.771003,121.538622,2026-05-19,0.7731000185012817
C1H920,長豐,24.102039,120.879897,2026-05-19,0.7002999782562256
C0U770,南澳,24.44935,121.81022,2026-05-19,0.7343000173568726
467110,金門,24.407306,118.289281,2026-05-19,0.5835000276565552
C1I250,鯉潭,23.961922,120.991131,2026-05-19,0.6399000287055969
C0T9D0,和中,24.26676,121.74103,2026-05-19,0.7024000287055969
C0Z100,東華,23.89525,121.549833,2026-05-19,0.6948000192642212
C0X050,東河,23.296598,120.385608,2026-05-19,0.6043000221252441
C0FA10,松柏,24.429115,120.617482,2026-05-19,0.6847000122070312
C1I320,奧萬大,23.952956,121.178556,2026-05-19,0.7684000134468079
C2I260,北坑,23.92463,121.00683,2026-05-19,0.6330999732017517
72M360,南改義竹分場,23.360694,120.279361,2026-05-19,0.6025000214576721
C0S940,石寧山,23.223772,121.406639,2026-05-19,0.6812999844551086
C0V360,內門,22.975481,120.466769,2026-05-19,0.565500020980835
C0O990,媽廟,22.99175,120.293525,2026-05-19,0.5509999990463257
C0H990,昆陽,24.121322,121.273642,2026-05-19,0.0017000000225380063
C0E940,雪見,24.42595,121.01347,2026-05-19,0.010999999940395355
C0SB40,興隆,22.913661,121.257469,2026-05-19,0.6664999723434448
C0U960,翠峰湖,24.510856,121.608044,2026-05-19,0.04820000007748604
C0AH30,五分山,25.07125,121.780794,2026-05-19,0.37389999628067017
C1S860,利嘉,22.809417,121.050528,2026-05-19,0.7074000239372253
C0O970,虎頭埤,23.021375,120.347878,2026-05-19,0.5594000220298767
C0SA90,達仁林場,22.264347,120.823972,2026-05-19,0.661300003528595
C0Z250,瑞穗林道,23.49284,121.30688,2026-05-19,0.5791000127792358
C0UA10,鴛鴦湖,24.590269,121.412228,2026-05-19,0.10080000013113022
C0S830,長濱,23.286817,121.411975,2026-05-19,0.6881999969482422
467280,後龍,24.648563,120.831834,2026-05-19,0.6733999848365784
C0G940,竹塘,23.848253,120.386764,2026-05-19,0.6682000160217285
C0R580,南州,22.48591,120.50274,2026-05-19,0.5777999758720398
C0S730,綠島,22.6672,121.47533,2026-05-19,0.661300003528595
C0F9S0,烏日,24.107058,120.624103,2026-05-19,0.6317999958992004
C0U860,頭城,24.85323,121.8308,2026-05-19,0.6974999904632568
C2M9G0,沄水,23.38293,120.52666,2026-05-19,0.576200008392334
466930,竹子湖,25.162078,121.544547,2026-05-19,0.3264999985694885
C0V820,小林,23.148408,120.63325,2026-05-19,0.5943999886512756
C2H9T0,名間竹圍,23.859914,120.637572,2026-05-19,0.6722000241279602
C1N001,沙崙,22.935472,120.309406,2026-05-19,0.5541999936103821
C0V370,古亭坑,22.893178,120.401947,2026-05-19,0.5669999718666077
C0AC80,文山,25.00235,121.575728,2026-05-19,0.6492999792098999
C0FA50,霧峰,24.0419,120.6995,2026-05-19,0.6362000107765198
C0T9B0,水源,23.991861,121.537169,2026-05-19,0.41260001063346863
C2AK40,漁光,24.96875,121.72132,2026-05-19,0.29339998960494995
467610,成功,23.097486,121.373428,2026-05-19,0.6829000115394592
C1V390,尖山,22.813153,120.367789,2026-05-19,0.5593000054359436
C2H9H0,苗改南投蜂場,23.852589,120.693481,2026-05-19,0.6557000279426575
C0R520,崁頂,22.514781,120.506914,2026-05-19,0.5475000143051147
C0S910,蘭嶼燈塔,22.081197,121.503117,2026-05-19,0.6513000130653381
K2E710,苗改生物防治研究中心,24.422861,120.871833,2026-05-19,0.6468999981880188
C0M820,達邦,23.453994,120.749517,2026-05-19,0.7210000157356262
C0W220,北竿,26.220358,119.974881,2026-05-19,0.059300001710653305
C1V580,溪南(特生中心),23.084972,120.788475,2026-05-19,0.047600001096725464
C0X320,柳營,23.253328,120.375253,2026-05-19,0.6011000275611877
C0AJ30,淡水觀海,25.184591,121.408616,2026-05-19,0.6862000226974487
C0T870,鯉魚潭,23.935639,121.508944,2026-05-19,0.7034000158309937
C0C620,蘆竹,25.084275,121.265767,2026-05-19,0.6818000078201294
C0V400,阿公店,22.804194,120.355528,2026-05-19,0.5611000061035156
C0T900,西林,23.8119,121.441458,2026-05-19,0.6744999885559082
C2H9D0,三隻寮,24.093078,120.861578,2026-05-19,0.6121000051498413
C0V450,鳳森,22.545064,120.392592,2026-05-19,0.5608999729156494
C2H9P0,伊拿谷,23.963211,121.088264,2026-05-19,0.6603000164031982
C1I340,新興橋,23.563333,120.868728,2026-05-19,0.7117999792098999
C2H9E0,國姓南港,23.911108,120.846556,2026-05-19,0.3939000070095062
E2S960,林試太麻里2,22.598,120.99775,2026-05-19,0.6305000185966492
C0U970,大福,24.80064,121.81389,2026-05-19,0.7002000212669373
C0E910,海埔,24.648767,120.772435,2026-05-19,0.6722000241279602
C0R960,內埔,22.608483,120.570714,2026-05-19,0.5343000292778015
467441,高雄,22.730432,120.312516,2026-05-19,0.5755000114440918
C0D540,橫山,24.71116,121.11693,2026-05-19,0.669700026512146
72Q010,高雄農改場,22.709333,120.525889,2026-05-19,0.5404000282287598
C2A920,富貴角,25.263783,121.565258,2026-05-19,0.6783999800682068
C0F9U0,南屯,24.137006,120.637969,2026-05-19,0.6499000191688538
C1A750,石碇服務區,25.00872,121.646242,2026-05-19,0.6840999722480774
C0V210,復興,23.222403,120.806089,2026-05-19,0.7044000029563904
82A750,茶改北部分場,24.955778,121.631222,2026-05-19,0.6700999736785889
C2M530,奮起湖,23.493903,120.699253,2026-05-19,0.6380000114440918
V2K620,麥寮合作社,23.753836,120.294783,2026-05-19,0.6413000226020813
C0V910,大樹,22.684645,120.432803,2026-05-19,0.5508000254631042
467480,嘉義,23.495925,120.432906,2026-05-19,0.6007000207901001
C2TB60,南安,23.29818,121.26157,2026-05-19,0.7641000151634216
C0X220,學甲,23.230367,120.182187,2026-05-19,0.6078000068664551
C0V790,萬山,22.905944,120.688056,2026-05-19,0.6367999911308289
C0D550,雪霸,24.526972,121.11605,2026-05-19,0.0674000009894371
C0F9Q0,外埔,24.347817,120.705686,2026-05-19,0.6797000169754028
C0K440,二崙,23.772797,120.408944,2026-05-19,0.6384000182151794
C0AJ70,田寮,25.2698,121.4886,2026-05-19,0.7024000287055969
466910,鞍部,25.182586,121.529731,2026-05-19,0.12240000069141388
C1M640,十字,23.492153,120.753683,2026-05-19,0.19740000367164612
C1E451,象鼻,24.368617,120.940228,2026-05-19,0.5023000240325928
C0Z210,瑞穗,23.5239,121.39021,2026-05-19,0.6740999817848206
C1E701,八卦,24.491756,120.927619,2026-05-19,0.6851999759674072
C0TA10,花蓮漁港,23.995322,121.638331,2026-05-19,0.6992999911308289
C0V770,大社,22.730306,120.346639,2026-05-19,0.5755000114440918
C1I500,大尖山,23.858572,120.994889,2026-05-19,0.015599999576807022
C0Z310,清水斷崖,24.218294,121.689142,2026-05-19,0.6996999979019165
C2D770,巨埔,24.84435,121.11442,2026-05-19,0.6416000127792358
C0U950,鶯子嶺,24.89754,121.79244,2026-05-19,0.08789999783039093
C2FB50,出雲,24.206469,120.902794,2026-05-19,0.7670999765396118
C0G800,埔鹽,24.000394,120.431683,2026-05-19,0.6735000014305115
C0C460,復興,24.820208,121.352281,2026-05-19,0.7156999707221985
C0ACA0,新莊,25.051478,121.446756,2026-05-19,0.6581000089645386
C0R880,後壁湖,21.9457,120.7457,2026-05-19,0.618399977684021
C0K390,土庫,23.679029,120.395574,2026-05-19,0.6215000152587891
C0U760,東澳,24.52196,121.83318,2026-05-19,0.7347000241279602
C0V730,大寮,22.605614,120.395717,2026-05-19,0.5835000276565552
C0R940,加祿堂,22.3363,120.6217,2026-05-19,0.5771999955177307
C0I480,梅峰,24.085272,121.173572,2026-05-19,0.09350000321865082
C0UA70,桃源谷,24.962606,121.888875,2026-05-19,0.3986999988555908
C0W190,望安,23.380564,119.494075,2026-05-19,0.713100016117096
C0E610,馬都安,24.451272,120.930192,2026-05-19,0.6955000162124634
C2K630,荷苞,23.657717,120.595144,2026-05-19,0.6082000136375427
C1E461,松安,24.397972,120.986022,2026-05-19,0.3889000117778778
C2E990,新坪頂,24.30201,120.8574,2026-05-19,0.6427000164985657
C0R720,旭海,22.205403,120.887614,2026-05-19,0.6801000237464905
C0K550,蔦松,23.514319,120.229736,2026-05-19,0.6399000287055969
C2F9A0,中竹林,24.103556,120.751061,2026-05-19,0.6439999938011169
C0F9O0,潭子,24.213106,120.703933,2026-05-19,0.6521999835968018
72S200,東改班鳩分場,22.829528,121.077694,2026-05-19,0.7218000292778015
C1I440,新高口,23.478744,120.878939,2026-05-19,0.009200000204145908
C0R600,舊泰武,22.588194,120.664944,2026-05-19,0.7013000249862671
C0D750,樂山林道6k,24.49999,121.08773,2026-05-19,0.06440000236034393
C0V810,左營,22.67491,120.28491,2026-05-19,0.6031000018119812
C0V750,路竹,22.854997,120.259439,2026-05-19,0.5806999802589417
C0K530,臺西,23.701547,120.197559,2026-05-19,0.6456000208854675
C0G780,秀水,24.03405,120.503869,2026-05-19,0.6355999708175659
C0D590,新豐,24.87068,120.97721,2026-05-19,0.5843999981880188
C0Z150,吉安光華,23.930925,121.595153,2026-05-19,0.7081999778747559
C0V350,溪埔,22.738578,120.446797,2026-05-19,0.5425000190734863
72N240,七股研究中心,23.081672,120.062894,2026-05-19,0.6141999959945679
C1S670,摩天,23.199503,121.027,2026-05-19,0.22660000622272491
72K220,南改斗南分場,23.634556,120.477333,2026-05-19,0.6071000099182129
C1E721,泰安,24.489017,120.968036,2026-05-19,0.09679999947547913
C0R910,下寮,22.3929,120.5548,2026-05-19,0.5875999927520752
C0W200,湖西,23.596314,119.67275,2026-05-19,0.7014999985694885
C2AA10,中八仙,25.11576,121.49199,2026-05-19,0.635200023651123
C2H9Q0,北東眼山,24.120939,121.189303,2026-05-19,0.1981000006198883
C0M790,新港,23.553269,120.345728,2026-05-19,0.621399998664856
C1F9E1,龍安,24.1605,120.831961,2026-05-19,0.6620000004768372
C1V300,御油山,23.001983,120.715364,2026-05-19,0.054099999368190765
C0S760,紅石,23.069131,121.126219,2026-05-19,0.06400000303983688
U2HA40,臺大內茅埔,23.689722,120.851117,2026-05-19,0.6297000050544739
C2R970,屏科大,22.648275,120.619247,2026-05-19,0.5529000163078308
C0R800,丹路,22.204481,120.750989,2026-05-19,0.6298999786376953
C0G910,花壇,24.032076,120.549461,2026-05-19,0.6347000002861023
C0T9F0,水璉,23.797131,121.542514,2026-05-19,0.574400007724762
C0X160,仁德,22.968258,120.257689,2026-05-19,0.5637000203132629
C0AI00,五股,25.07445,121.42728,2026-05-19,0.6632000207901001
C2S890,關山,23.0395,121.175017,2026-05-19,0.6883000135421753
C1F871,上谷關,24.203483,121.018644,2026-05-19,0.7692999839782715
C0O860,大內,23.11885,120.36083,2026-05-19,0.5637000203132629
12Q980,恆春工作站,22.079678,120.714425,2026-05-19,0.5922999978065491
C2A650,火燒寮,25.002719,121.742892,2026-05-19,0.6858999729156494
C2H9G0,百勝,24.051142,120.909361,2026-05-19,0.6942999958992004
C0FA70,大雪山埡口,24.26867,121.03062,2026-05-19,0.03229999914765358
C0F970,大坑,24.173142,120.722289,2026-05-19,0.6348999738693237
C0M860,新美,23.338017,120.683169,2026-05-19,0.664900004863739
72M700,南改鹿草分場,23.416869,120.283061,2026-05-19,0.6032999753952026
C0F0B0,石岡,24.276061,120.777644,2026-05-19,0.6427000164985657
C0E730,頭份,24.688247,120.912206,2026-05-19,0.6748999953269958
C0S700,知本,22.684866,121.005642,2026-05-19,0.708899974822998
C0TA80,立霧山,24.183258,121.641899,2026-05-19,0.0763000026345253
C2D720,關西工作站,24.757275,121.184792,2026-05-19,0.7202000021934509
C0AJ90,澳底,25.0552,121.9253,2026-05-19,0.7437999844551086
C0R620,墾雷,21.900836,120.855269,2026-05-19,0.6141999959945679
C0X150,安定,23.102614,120.227839,2026-05-19,0.5685999989509583
C0V610,梓官,22.760558,120.267211,2026-05-19,0.5810999870300293
C2R490,九如,22.74049,120.490555,2026-05-19,0.5404000282287598
C0E570,白沙屯,24.549447,120.696803,2026-05-19,0.6956999897956848
C1F9G1,慶福山,24.180853,120.848378,2026-05-19,0.5275999903678894
C0V710,苓雅,22.622742,120.330669,2026-05-19,0.5863000154495239
C0X240,關子嶺,23.331169,120.508025,2026-05-19,0.597100019454956
C0E950,松安,24.39792,120.98599,2026-05-19,0.3889000117778778
C0R190,赤山,22.592333,120.614306,2026-05-19,0.538100004196167
C1A760,坪林交控,24.94284,121.713442,2026-05-19,0.6794000267982483
72G600,臺中農改場,24.003028,120.534389,2026-05-19,0.6355999708175659
C0Z280,德武,23.47426,121.41071,2026-05-19,0.6809999942779541
C1M480,獨立山,23.537022,120.607797,2026-05-19,0.35010001063346863
C0M770,嘉義梅山,23.585398,120.555587,2026-05-19,0.6068000197410583
C0U900,內城,24.71813,121.68766,2026-05-19,0.6776000261306763
C0G890,伸港,24.148933,120.484403,2026-05-19,0.6721000075340271
C1I400,凌霄,24.018778,121.004456,2026-05-19,0.10140000283718109
C1AC50,關渡,25.133486,121.469331,2026-05-19,0.6863999962806702
C1E601,南勢,24.572486,120.734842,2026-05-19,0.6833999752998352
C0M650,朴子,23.43463,120.23902,2026-05-19,0.6039999723434448
C0TA30,鹽寮,23.845606,121.592664,2026-05-19,0.6962000131607056
C1I020,萬大,23.979817,121.132261,2026-05-19,0.35120001435279846
82H320,茶改中部分場,23.875611,120.913583,2026-05-19,0.6255000233650208
C0R930,萬丹,22.5885,120.4851,2026-05-19,0.5284000039100647
C0R470,高樹,22.826389,120.600806,2026-05-19,0.545199990272522
C0R320,車城,22.0744,120.716247,2026-05-19,0.5922999978065491
C0SB20,富岡,22.792467,121.192669,2026-05-19,0.6662999987602234
C0E780,銅鑼,24.489681,120.790853,2026-05-19,0.6607999801635742
C0SB70,小港漁港,23.158558,121.400431,2026-05-19,0.6956999897956848
C0R710,龍磐,21.931672,120.838942,2026-05-19,0.6126000285148621
C0C680,龜山,25.02846,121.38656,2026-05-19,0.6499999761581421
C0O900,善化,23.112883,120.297219,2026-05-19,0.5511999726295471
C2H9K0,屯原,24.067969,121.209389,2026-05-19,0.13289999961853027
C0AD10,八里,25.150211,121.403947,2026-05-19,0.6847000122070312
C0F9M0,豐原,24.254322,120.720692,2026-05-19,0.6491000056266785
C0F0C0,中坑,24.248517,120.903319,2026-05-19,0.7664999961853027
C0F9I0,神岡,24.272481,120.658314,2026-05-19,0.661300003528595
C1Z030,紅葉,23.493119,121.338806,2026-05-19,0.679099977016449
467420,永康,23.038386,120.2367,2026-05-19,0.5512999892234802
C0T960,光復,23.660694,121.424964,2026-05-19,0.6898999810218811
C2O950,安南,23.076694,120.144861,2026-05-19,0.6161999702453613
C0C750,新興坑尾,25.0061,121.0971,2026-05-19,0.6816999912261963
C2M980,安和,23.51377,120.31593,2026-05-19,0.6119999885559082
C0AH00,汐止,25.066881,121.658778,2026-05-19,0.6801999807357788
