simday,date,TEMP,RHUM,RAIN,RcW,RcT,RcA,Rc,healthy_sites,latent,infectious,removed,rateinf_new_infections,rtransfer_L_to_I,diseased_total,healthy_fraction_C,intensity_active,AUDPC,AUDPC_cumulative,total_sites,growth_new_sites,senescence_sites_rate,senesced_total,latent_cohort_entries,infectious_cohort_entries,DOY,站號,站名,lat,lon,county,season,scenario_id,transplant_date,harvest_date,simulation_end_date,model_version,generated_at,is_forecast
1,2026-06-25,26.295833333333334,89.0,14.6,1.0,0.9,1.0,0.783,100.0,0.0,0.0,0.0,0.0,0.0,0.0,1.0,0.0,2.443046885693266,0.0,100.0,9.6875,1.0,0.0,0.0,0.0,176,C0R780,滿州,22.024403,120.839892,屏東縣,二期作,C0R780_2026_2,2026-06-25,2026-09-30,2026-09-30,EPIRICE_BLB_source2023_guide_v1,2026-10-09T05:26:22.799901+08:00,False
2,2026-06-26,24.583333333333332,98.08333333333333,27.400000000000002,1.0,0.836111111111111,1.0,0.7274166666666666,108.6875,0.0,0.0,0.0,0.0,0.0,0.0,1.0,0.0,2.443046885693266,0.0,108.6875,10.499594604492188,1.086875,1.0,0.0,0.0,177,C0R780,滿州,22.024403,120.839892,屏東縣,二期作,C0R780_2026_2,2026-06-25,2026-09-30,2026-09-30,EPIRICE_BLB_source2023_guide_v1,2026-10-09T05:26:22.799901+08:00,False
3,2026-06-27,26.179166666666664,90.0,9.2,1.0,0.9,1.0,0.783,118.10021960449218,0.0,0.0,0.0,0.0,0.0,0.0,1.0,0.0,2.443046885693266,0.0,118.10021960449218,11.374157526992054,1.1810021960449217,2.086875,0.0,0.0,178,C0R780,滿州,22.024403,120.839892,屏東縣,二期作,C0R780_2026_2,2026-06-25,2026-09-30,2026-09-30,EPIRICE_BLB_source2023_guide_v1,2026-10-09T05:26:22.799901+08:00,False
4,2026-06-28,27.916666666666668,82.58333333333333,2.1,0.0,0.9,1.0,0.0,128.29337493543932,0.0,0.0,0.0,0.0,0.0,0.0,1.0,0.0,2.443046885693266,0.0,128.29337493543932,12.31498780440877,1.2829337493543933,3.267877196044922,0.0,0.0,179,C0R780,滿州,22.024403,120.839892,屏東縣,二期作,C0R780_2026_2,2026-06-25,2026-09-30,2026-09-30,EPIRICE_BLB_source2023_guide_v1,2026-10-09T05:26:22.799901+08:00,False
5,2026-06-29,26.724999999999998,89.75,13.7,1.0,0.9,1.0,0.783,139.3254289904937,0.0,0.0,0.0,0.0,0.0,0.0,1.0,0.0,2.443046885693266,0.0,139.3254289904937,13.325931175193585,1.393254289904937,4.5508109453993155,0.0,0.0,180,C0R780,滿州,22.024403,120.839892,屏東縣,二期作,C0R780_2026_2,2026-06-25,2026-09-30,2026-09-30,EPIRICE_BLB_source2023_guide_v1,2026-10-09T05:26:22.799901+08:00,False
6,2026-06-30,28.3125,80.29166666666667,4.4,0.0,0.9104166666666667,1.0,0.0,151.25810587578232,0.0,0.0,0.0,0.0,0.0,0.0,1.0,0.0,2.443046885693266,0.0,151.25810587578232,14.410841381542939,1.5125810587578232,5.944065235304253,0.0,0.0,181,C0R780,滿州,22.024403,120.839892,屏東縣,二期作,C0R780_2026_2,2026-06-25,2026-09-30,2026-09-30,EPIRICE_BLB_source2023_guide_v1,2026-10-09T05:26:22.799901+08:00,False
7,2026-07-01,27.804166666666664,83.33333333333333,7.1,1.0,0.9,1.0,0.783,164.15636619856744,0.0,0.0,0.0,0.0,0.0,0.0,1.0,0.0,2.443046885693266,0.0,164.15636619856744,15.5735331022468,1.6415636619856744,7.456646294062076,0.0,0.0,182,C0R780,滿州,22.024403,120.839892,屏東縣,二期作,C0R780_2026_2,2026-06-25,2026-09-30,2026-09-30,EPIRICE_BLB_source2023_guide_v1,2026-10-09T05:26:22.799901+08:00,False
8,2026-07-02,27.641666666666666,84.58333333333333,8.5,1.0,0.9,1.0,0.783,178.08833563882857,0.0,0.0,0.0,0.0,0.0,0.0,1.0,0.0,2.443046885693266,0.0,178.08833563882857,16.817725586051353,1.7808833563882858,9.09820995604775,0.0,0.0,183,C0R780,滿州,22.024403,120.839892,屏東縣,二期作,C0R780_2026_2,2026-06-25,2026-09-30,2026-09-30,EPIRICE_BLB_source2023_guide_v1,2026-10-09T05:26:22.799901+08:00,False
9,2026-07-03,27.90416666666667,81.41666666666667,1.3,0.0,0.9,1.0,0.0,193.12517786849165,0.0,0.0,0.0,0.0,0.0,0.0,1.0,0.0,2.443046885693266,0.0,193.12517786849165,18.14697608913865,1.9312517786849166,10.879093312436035,0.0,0.0,184,C0R780,滿州,22.024403,120.839892,屏東縣,二期作,C0R780_2026_2,2026-06-25,2026-09-30,2026-09-30,EPIRICE_BLB_source2023_guide_v1,2026-10-09T05:26:22.799901+08:00,False
10,2026-07-04,27.95,81.04166666666667,0.7,0.0,0.9,1.0,0.0,209.34090217894538,0.0,0.0,0.0,0.0,0.0,0.0,1.0,0.0,2.443046885693266,0.0,209.34090217894538,19.564602301485326,2.093409021789454,12.810345091120952,0.0,0.0,185,C0R780,滿州,22.024403,120.839892,屏東縣,二期作,C0R780_2026_2,2026-06-25,2026-09-30,2026-09-30,EPIRICE_BLB_source2023_guide_v1,2026-10-09T05:26:22.799901+08:00,False
11,2026-07-05,27.808333333333334,80.5,0.0,0.0,0.9,1.0,0.0,226.81209545864127,0.0,0.0,0.0,0.0,0.0,0.0,1.0,0.0,2.443046885693266,0.0,226.81209545864127,21.07359308816601,2.2681209545864127,14.903754112910406,0.0,0.0,186,C0R780,滿州,22.024403,120.839892,屏東縣,二期作,C0R780_2026_2,2026-06-25,2026-09-30,2026-09-30,EPIRICE_BLB_source2023_guide_v1,2026-10-09T05:26:22.799901+08:00,False
12,2026-07-06,27.849999999999998,79.875,0.0,0.0,0.9,1.0,0.0,245.61756759222087,0.0,0.0,0.0,0.0,0.0,0.0,1.0,0.0,2.443046885693266,0.0,245.61756759222087,22.676507087037113,2.456175675922209,17.171875067496817,0.0,0.0,187,C0R780,滿州,22.024403,120.839892,屏東縣,二期作,C0R780_2026_2,2026-06-25,2026-09-30,2026-09-30,EPIRICE_BLB_source2023_guide_v1,2026-10-09T05:26:22.799901+08:00,False
13,2026-07-07,28.054166666666664,78.33333333333333,0.0,0.0,0.9018055555555555,1.0,0.0,265.83789900333574,0.0,0.0,0.0,0.0,0.0,0.0,1.0,0.0,2.443046885693266,0.0,265.83789900333574,24.37535900825521,2.6583789900333574,19.628050743419024,0.0,0.0,188,C0R780,滿州,22.024403,120.839892,屏東縣,二期作,C0R780_2026_2,2026-06-25,2026-09-30,2026-09-30,EPIRICE_BLB_source2023_guide_v1,2026-10-09T05:26:22.799901+08:00,False
14,2026-07-08,28.233333333333334,75.75,0.2,0.0,0.9077777777777778,1.0,0.0,287.55487902155755,0.0,0.0,0.0,0.0,0.0,0.0,1.0,0.0,2.443046885693266,0.0,287.55487902155755,26.1714938881213,2.8755487902155754,22.28642973345238,0.0,0.0,189,C0R780,滿州,22.024403,120.839892,屏東縣,二期作,C0R780_2026_2,2026-06-25,2026-09-30,2026-09-30,EPIRICE_BLB_source2023_guide_v1,2026-10-09T05:26:22.799901+08:00,False
15,2026-07-09,27.712500000000002,72.70833333333333,0.6,0.0,0.9,1.0,0.0,310.85082411946325,0.0,0.0,0.0,0.0,0.0,0.0,1.0,0.0,2.443046885693266,0.0,310.85082411946325,28.065450072704156,3.1085082411946328,25.161978523667955,0.0,0.0,190,C0R780,滿州,22.024403,120.839892,屏東縣,二期作,C0R780_2026_2,2026-06-25,2026-09-30,2026-09-30,EPIRICE_BLB_source2023_guide_v1,2026-10-09T05:26:22.799901+08:00,False
16,2026-07-10,28.375,79.0,1.0,0.0,0.9125,1.0,0.0,335.8077659509728,0.0,0.0,0.0,0.0,0.0,0.0,1.0,0.0,2.443046885693266,0.0,335.8077659509728,30.056812355316556,3.358077659509728,28.27048676486259,0.0,0.0,191,C0R780,滿州,22.024403,120.839892,屏東縣,二期作,C0R780_2026_2,2026-06-25,2026-09-30,2026-09-30,EPIRICE_BLB_source2023_guide_v1,2026-10-09T05:26:22.799901+08:00,False
17,2026-07-11,26.958333333333332,87.29166666666667,21.3,1.0,0.9,1.0,0.783,362.5065006467796,0.0,0.0,0.0,0.0,0.0,0.0,1.0,0.0,2.443046885693266,0.0,362.5065006467796,32.14405747057879,3.6250650064677963,31.628564424372318,0.0,0.0,192,C0R780,滿州,22.024403,120.839892,屏東縣,二期作,C0R780_2026_2,2026-06-25,2026-09-30,2026-09-30,EPIRICE_BLB_source2023_guide_v1,2026-10-09T05:26:22.799901+08:00,False
18,2026-07-12,27.679166666666664,88.08333333333333,9.5,1.0,0.9,1.0,0.783,391.0254931108906,0.0,0.0,0.0,0.0,0.0,0.0,1.0,0.0,2.443046885693266,0.0,391.0254931108906,34.32439505288234,3.910254931108906,35.253629430840114,0.0,0.0,193,C0R780,滿州,22.024403,120.839892,屏東縣,二期作,C0R780_2026_2,2026-06-25,2026-09-30,2026-09-30,EPIRICE_BLB_source2023_guide_v1,2026-10-09T05:26:22.799901+08:00,False
19,2026-07-13,26.645833333333332,92.33333333333333,23.7,1.0,0.9,1.0,0.783,421.439633232664,0.0,0.0,0.0,0.0,0.0,0.0,1.0,0.0,2.443046885693266,0.0,421.439633232664,36.59360818391383,4.21439633232664,39.16388436194902,0.0,0.0,194,C0R780,滿州,22.024403,120.839892,屏東縣,二期作,C0R780_2026_2,2026-06-25,2026-09-30,2026-09-30,EPIRICE_BLB_source2023_guide_v1,2026-10-09T05:26:22.799901+08:00,False
20,2026-07-14,26.670833333333334,91.5,15.9,1.0,0.9,1.0,0.783,453.81884508425117,0.0,0.0,0.0,1.0,0.0,0.0,1.0,0.0,2.443046885693266,0.0,453.81884508425117,38.945898753625,4.538188450842512,43.37828069427566,0.0,0.0,195,C0R780,滿州,22.024403,120.839892,屏東縣,二期作,C0R780_2026_2,2026-06-25,2026-09-30,2026-09-30,EPIRICE_BLB_source2023_guide_v1,2026-10-09T05:26:22.799901+08:00,False
21,2026-07-15,27.162499999999998,87.5,8.4,1.0,0.9,1.0,0.783,487.2265553870336,1.0,0.0,0.0,0.0,0.0,1.0,0.9979517705684664,0.0020482294315336174,2.443046885693266,0.0010241147157668087,488.2265553870336,41.2890010752752,4.872265553870336,47.91646914511817,1.0,0.0,196,C0R780,滿州,22.024403,120.839892,屏東縣,二期作,C0R780_2026_2,2026-06-25,2026-09-30,2026-09-30,EPIRICE_BLB_source2023_guide_v1,2026-10-09T05:26:22.799901+08:00,False
22,2026-07-16,27.4875,83.54166666666667,3.7,0.0,0.9,0.99,0.0,523.6432909084385,1.0,0.0,0.0,0.0,0.0,1.0,0.9980939430326681,0.0019060569673319645,2.443046885693266,0.0030012579151995995,524.6432909084385,43.77914348445861,5.236432909084385,52.788734698988506,0.0,0.0,197,C0R780,滿州,22.024403,120.839892,屏東縣,二期作,C0R780_2026_2,2026-06-25,2026-09-30,2026-09-30,EPIRICE_BLB_source2023_guide_v1,2026-10-09T05:26:22.799901+08:00,False
23,2026-07-17,27.129166666666666,84.95833333333333,5.8,1.0,0.9,0.98,0.76734,562.1860014838128,1.0,0.0,0.0,0.0,0.0,1.0,0.9982243876847696,0.0017756123152303568,2.443046885693266,0.00484209255648076,563.1860014838128,46.32437245257374,5.621860014838128,58.02516760807289,0.0,0.0,198,C0R780,滿州,22.024403,120.839892,屏東縣,二期作,C0R780_2026_2,2026-06-25,2026-09-30,2026-09-30,EPIRICE_BLB_source2023_guide_v1,2026-10-09T05:26:22.799901+08:00,False
24,2026-07-18,27.1125,84.0,5.3,1.0,0.9,0.97,0.75951,602.8885139215483,1.0,0.0,0.0,0.0,0.0,1.0,0.9983440652091456,0.0016559347908543113,2.443046885693266,0.0065578661095230945,603.8885139215483,48.911431119265636,6.028885139215483,63.64702762291102,0.0,0.0,199,C0R780,滿州,22.024403,120.839892,屏東縣,二期作,C0R780_2026_2,2026-06-25,2026-09-30,2026-09-30,EPIRICE_BLB_source2023_guide_v1,2026-10-09T05:26:22.799901+08:00,False
25,2026-07-19,26.72083333333333,86.5,3.6,0.0,0.9,0.96,0.0,645.7710599015985,1.0,0.0,0.0,0.0,0.0,1.0,0.9984538578455379,0.0015461421544621101,2.443046885693266,0.008158904582181305,646.7710599015985,51.52504246308687,6.457710599015985,69.6759127621265,0.0,0.0,200,C0R780,滿州,22.024403,120.839892,屏東縣,二期作,C0R780_2026_2,2026-06-25,2026-09-30,2026-09-30,EPIRICE_BLB_source2023_guide_v1,2026-10-09T05:26:22.799901+08:00,False
26,2026-07-20,27.3,84.125,5.4,1.0,0.9,0.95,0.74385,690.8383917656694,1.0,0.0,0.0,0.0,1.0,1.0,0.9985545757334341,0.0014454242665658647,2.443046885693266,0.009654687792695292,691.8383917656694,54.14794786628125,6.9083839176566935,76.13362336114248,0.0,0.0,201,C0R780,滿州,22.024403,120.839892,屏東縣,二期作,C0R780_2026_2,2026-06-25,2026-09-30,2026-09-30,EPIRICE_BLB_source2023_guide_v1,2026-10-09T05:26:22.799901+08:00,False
27,2026-07-21,27.708333333333332,84.91666666666667,1.8,0.0,0.9,0.9400000000000001,0.0,738.0779557142939,0.0,1.0,0.0,0.0,0.0,1.0,0.9986469627564071,0.0013530372435929762,2.443046885693266,0.011053918547774712,739.0779557142939,56.76100973808235,7.380779557142939,83.04200727879918,0.0,1.0,202,C0R780,滿州,22.024403,120.839892,屏東縣,二期作,C0R780_2026_2,2026-06-25,2026-09-30,2026-09-30,EPIRICE_BLB_source2023_guide_v1,2026-10-09T05:26:22.799901+08:00,False
28,2026-07-22,28.025000000000002,81.375,0.8,0.0,0.9008333333333334,0.93,0.0,787.4581858952333,0.0,1.0,0.0,0.0,0.0,1.0,0.998731701924225,0.001268298075775036,2.443046885693266,0.012364586207458717,788.4581858952333,59.34338569204499,7.874581858952333,90.42278683594212,0.0,0.0,203,C0R780,滿州,22.024403,120.839892,屏東縣,二期作,C0R780_2026_2,2026-06-25,2026-09-30,2026-09-30,EPIRICE_BLB_source2023_guide_v1,2026-10-09T05:26:22.799901+08:00,False
29,2026-07-23,28.133333333333336,82.45833333333333,5.9,1.0,0.9044444444444446,0.92,0.7239173333333334,838.926989728326,0.0,1.0,0.0,0.7204759602325218,0.0,1.0,0.9988094203279223,0.0011905796720777476,2.443046885693266,0.01359402508138511,839.926989728326,61.87277956394638,8.38926989728326,98.29736869489446,0.0,0.0,204,C0R780,滿州,22.024403,120.839892,屏東縣,二期作,C0R780_2026_2,2026-06-25,2026-09-30,2026-09-30,EPIRICE_BLB_source2023_guide_v1,2026-10-09T05:26:22.799901+08:00,False
30,2026-07-24,25.995833333333334,91.125,36.8,1.0,0.9,0.91,0.7125300000000001,891.6900234347567,0.7204759602325218,1.0,0.0,0.7070572451519253,0.0,1.720475960232522,0.998074260419597,0.0019257395804029784,2.443046885693266,0.015152184707625473,893.4104993949892,64.27383893277643,8.916900234347567,106.68663859217772,0.7204759602325218,0.0,205,C0R780,滿州,22.024403,120.839892,屏東縣,二期作,C0R780_2026_2,2026-06-25,2026-09-30,2026-09-30,EPIRICE_BLB_source2023_guide_v1,2026-10-09T05:26:22.799901+08:00,False
31,2026-07-25,23.991666666666664,97.79166666666667,83.5,1.0,0.7453888888888884,0.9,0.5836394999999996,946.3399048880336,1.4275332053844472,1.0,0.0,0.5776891442522896,0.0,2.427533205384447,0.9974413822524699,0.0025586177475300604,2.443046885693266,0.017394363371591993,948.767438093418,66.57597526610996,9.463399048880337,115.60353882652528,0.7070572451519253,0.0,206,C0R780,滿州,22.024403,120.839892,屏東縣,二期作,C0R780_2026_2,2026-06-25,2026-09-30,2026-09-30,EPIRICE_BLB_source2023_guide_v1,2026-10-09T05:26:22.799901+08:00,False
32,2026-07-26,24.525000000000002,96.875,22.1,1.0,0.827166666666667,0.872,0.6275217200000003,1002.8747919610109,2.0052223496367367,1.0,0.0,0.6200559876153631,0.0,3.0052223496367367,0.9970123451039076,0.0029876548960924365,2.443046885693266,0.020167499693403243,1005.8800143106477,68.76336325580331,10.02874791961011,125.06693787540561,0.5776891442522896,0.0,207,C0R780,滿州,22.024403,120.839892,屏東縣,二期作,C0R780_2026_2,2026-06-25,2026-09-30,2026-09-30,EPIRICE_BLB_source2023_guide_v1,2026-10-09T05:26:22.799901+08:00,False
33,2026-07-27,24.958333333333332,94.45833333333333,11.1,1.0,0.8936111111111109,0.844,0.6561607666666665,1060.9893513095888,2.6252783372521,1.0,0.0,0.6472687508216903,0.0,3.6252783372521,0.9965947505920948,0.003405249407905182,2.443046885693266,0.02336395184540205,1064.614629646841,70.80066059021826,10.609893513095887,135.09568579501573,0.6200559876153631,0.0,208,C0R780,滿州,22.024403,120.839892,屏東縣,二期作,C0R780_2026_2,2026-06-25,2026-09-30,2026-09-30,EPIRICE_BLB_source2023_guide_v1,2026-10-09T05:26:22.799901+08:00,False
34,2026-07-28,27.258333333333336,81.66666666666667,3.6,0.0,0.9,0.8160000000000001,0.0,1120.5328496358895,3.2725470880737904,1.0,0.0,0.0,0.0,4.27254708807379,0.9962015233030374,0.003798476696962639,2.443046885693266,0.026965814897835963,1124.8053967239632,72.6663663236849,11.205328496358895,145.70557930811162,0.6472687508216903,0.0,209,C0R780,滿州,22.024403,120.839892,屏東縣,二期作,C0R780_2026_2,2026-06-25,2026-09-30,2026-09-30,EPIRICE_BLB_source2023_guide_v1,2026-10-09T05:26:22.799901+08:00,False
35,2026-07-29,27.504166666666666,81.45833333333333,2.0,0.0,0.9,0.788,0.0,1181.9938874632157,3.2725470880737904,1.0,0.0,0.0,0.7204759602325218,4.27254708807379,0.99639832421821,0.003601675781790033,2.443046885693266,0.030665891137212298,1186.2664345512894,74.38189891687136,11.819938874632157,156.91090780447053,0.0,0.0,210,C0R780,滿州,22.024403,120.839892,屏東縣,二期作,C0R780_2026_2,2026-06-25,2026-09-30,2026-09-30,EPIRICE_BLB_source2023_guide_v1,2026-10-09T05:26:22.799901+08:00,False
36,2026-07-30,27.629166666666666,81.83333333333333,0.0,0.0,0.9,0.76,0.0,1244.555847505455,2.552071127841268,1.720475960232522,0.0,0.0,0.7070572451519253,4.2725470880737895,0.9965787556508399,0.0034212443491601,2.443046885693266,0.03417735120268736,1248.8283945935286,75.88568846860095,12.44555847505455,168.73084667910268,0.0,0.7204759602325218,211,C0R780,滿州,22.024403,120.839892,屏東縣,二期作,C0R780_2026_2,2026-06-25,2026-09-30,2026-09-30,EPIRICE_BLB_source2023_guide_v1,2026-10-09T05:26:22.799901+08:00,False
37,2026-07-31,27.787499999999998,80.16666666666667,0.6,0.0,0.9,0.732,0.0,1307.9959774990014,1.845013882689343,2.427533205384447,0.0,0.0,0.5776891442522896,4.27254708807379,0.9967441518195232,0.00325584818047679,2.443046885693266,0.037515897467505804,1312.268524587075,77.16078676369878,13.079959774990014,181.17640515415724,0.0,0.7070572451519253,212,C0R780,滿州,22.024403,120.839892,屏東縣,二期作,C0R780_2026_2,2026-06-25,2026-09-30,2026-09-30,EPIRICE_BLB_source2023_guide_v1,2026-10-09T05:26:22.799901+08:00,False
38,2026-08-01,28.025000000000002,77.70833333333333,0.8,0.0,0.9008333333333334,0.704,0.0,1372.0768044877102,1.2673247384370534,3.0052223496367367,0.0,0.0,0.6200559876153631,4.27254708807379,0.9968957393824597,0.0031042606175402682,2.443046885693266,0.040695951866514334,1376.3493515757839,78.19339856849498,13.720768044877103,194.25636492914725,0.0,0.5776891442522896,213,C0R780,滿州,22.024403,120.839892,屏東縣,二期作,C0R780_2026_2,2026-06-25,2026-09-30,2026-09-30,EPIRICE_BLB_source2023_guide_v1,2026-10-09T05:26:22.799901+08:00,False
39,2026-08-02,27.454166666666666,80.83333333333333,0.4,0.0,0.9,0.6759999999999999,0.0,1436.5494350113281,0.6472687508216903,3.6252783372521,0.0,0.0,0.6472687508216903,4.27254708807379,0.9970346460970506,0.002965353902949427,2.443046885693266,0.04373075912675918,1440.8219820994018,78.97331836560788,14.36549435011328,207.97713297402436,0.0,0.6200559876153631,214,C0R780,滿州,22.024403,120.839892,屏東縣,二期作,C0R780_2026_2,2026-06-25,2026-09-30,2026-09-30,EPIRICE_BLB_source2023_guide_v1,2026-10-09T05:26:22.799901+08:00,False
40,2026-08-03,27.820833333333336,78.04166666666667,0.2,0.0,0.9,0.6479999999999999,0.0,1501.1572590268227,0.0,4.27254708807379,-8.881784197001252e-16,0.0,0.0,4.2725470880737895,0.9971619087979265,0.0028380912020734258,2.443046885693266,0.04663248167927061,1505.4298061148963,79.49426085878481,15.011572590268226,222.34262732413765,0.0,0.6472687508216903,215,C0R780,滿州,22.024403,120.839892,屏東縣,二期作,C0R780_2026_2,2026-06-25,2026-09-30,2026-09-30,EPIRICE_BLB_source2023_guide_v1,2026-10-09T05:26:22.799901+08:00,False
41,2026-08-04,27.695833333333336,81.70833333333333,4.4,0.0,0.9,0.62,0.0,1565.6399472953392,0.0,4.27254708807379,-8.881784197001252e-16,0.0,0.0,4.2725470880737895,0.9972784807412136,0.0027215192587863595,2.443046885693266,0.0494122869097005,1569.9124943834129,79.75406613688577,15.656399472953392,237.35419991440588,0.0,0.0,216,C0R780,滿州,22.024403,120.839892,屏東縣,二期作,C0R780_2026_2,2026-06-25,2026-09-30,2026-09-30,EPIRICE_BLB_source2023_guide_v1,2026-10-09T05:26:22.799901+08:00,False
42,2026-08-05,27.491666666666664,81.45833333333333,1.9,0.0,0.9,0.601,0.0,1629.7376139592716,0.0,4.27254708807379,-8.881784197001252e-16,0.0,0.0,4.2725470880737895,0.9973852383602466,0.002614761639753349,2.443046885693266,0.05208042735897036,1634.0101610473453,79.75476698809886,16.297376139592718,253.01059938735926,0.0,0.0,217,C0R780,滿州,22.024403,120.839892,屏東縣,二期作,C0R780_2026_2,2026-06-25,2026-09-30,2026-09-30,EPIRICE_BLB_source2023_guide_v1,2026-10-09T05:26:22.799901+08:00,False
43,2026-08-06,27.945833333333336,78.83333333333333,4.6,0.0,0.9,0.582,0.0,1693.1950048077779,0.0,4.27254708807379,-8.881784197001252e-16,0.0,0.0,4.2725470880737895,0.9974829874754885,0.002517012524511534,2.443046885693266,0.0546463144411028,1697.4675518958516,79.50251361536081,16.93195004807778,269.30797552695196,0.0,0.0,218,C0R780,滿州,22.024403,120.839892,屏東縣,二期作,C0R780_2026_2,2026-06-25,2026-09-30,2026-09-30,EPIRICE_BLB_source2023_guide_v1,2026-10-09T05:26:22.799901+08:00,False
44,2026-08-07,27.96666666666667,82.5,0.4,0.0,0.9,0.563,0.0,1755.7655683750609,0.0,4.27254708807379,-8.881784197001252e-16,0.0,0.0,4.2725470880737895,0.9975724689990878,0.002427531000912169,2.443046885693266,0.05711858620381465,1760.0381154631345,79.00735927007167,17.55765568375061,286.23992557502976,0.0,0.0,219,C0R780,滿州,22.024403,120.839892,屏東縣,二期作,C0R780_2026_2,2026-06-25,2026-09-30,2026-09-30,EPIRICE_BLB_source2023_guide_v1,2026-10-09T05:26:22.799901+08:00,False
45,2026-08-08,28.775000000000002,76.79166666666667,1.7999999999999998,0.0,0.9258333333333334,0.544,0.0,1817.2152719613819,0.0,4.27254708807379,-8.881784197001252e-16,0.0,0.0,4.2725470880737895,0.9976543641723042,0.002345635827695747,2.443046885693266,0.05950516961811861,1821.4878190494555,78.2829183690038,18.17215271961382,303.7975812587804,0.0,0.0,220,C0R780,滿州,22.024403,120.839892,屏東縣,二期作,C0R780_2026_2,2026-06-25,2026-09-30,2026-09-30,EPIRICE_BLB_source2023_guide_v1,2026-10-09T05:26:22.799901+08:00,False
46,2026-08-09,27.679166666666664,85.5,8.9,1.0,0.9,0.525,0.411075,1877.3260376107717,0.0,4.27254708807379,-8.881784197001252e-16,1.7404390821436153,0.0,4.2725470880737895,0.997729299371918,0.0022707006280819576,2.443046885693266,0.06181333784600746,1881.5985846988453,77.3459157802422,18.773260376107718,321.9697339783942,0.0,0.0,221,C0R780,滿州,22.024403,120.839892,屏東縣,二期作,C0R780_2026_2,2026-06-25,2026-09-30,2026-09-30,EPIRICE_BLB_source2023_guide_v1,2026-10-09T05:26:22.799901+08:00,False
47,2026-08-10,27.97083333333333,89.58333333333333,16.900000000000002,1.0,0.9,0.506,0.396198,1934.1582539327624,1.7404390821436153,4.2725470880737895,0.0,1.6718869507049432,0.0,6.012986170217404,0.9969007961534889,0.00309920384651112,2.443046885693266,0.064498290083304,1940.1712401029797,76.14713107802181,19.341582539327625,340.7429943545019,1.7404390821436153,0.0,222,C0R780,滿州,22.024403,120.839892,屏東縣,二期作,C0R780_2026_2,2026-06-25,2026-09-30,2026-09-30,EPIRICE_BLB_source2023_guide_v1,2026-10-09T05:26:22.799901+08:00,False
48,2026-08-11,27.504166666666666,92.25,17.3,1.0,0.9,0.487,0.381321,1989.2919155207517,3.4123260328485587,4.27254708807379,-8.881784197001252e-16,1.6042778369950177,0.0,7.684873120922348,0.9961517463975385,0.003848253602461515,2.443046885693266,0.06797201880779032,1996.976788641674,74.78638589184158,19.89291915520752,360.08457689382954,1.6718869507049432,0.0,223,C0R780,滿州,22.024403,120.839892,屏東縣,二期作,C0R780_2026_2,2026-06-25,2026-09-30,2026-09-30,EPIRICE_BLB_source2023_guide_v1,2026-10-09T05:26:22.799901+08:00,False
49,2026-08-12,27.266666666666666,91.875,9.4,1.0,0.9,0.46799999999999997,0.366444,2042.5811044203906,5.016603869843577,4.27254708807379,-8.881784197001252e-16,1.5374893976319979,0.0,9.289150957917366,0.995472837069708,0.0045271629302919576,2.443046885693266,0.07215972707416705,2051.870255378308,73.2858788058524,20.425811044203908,379.97749604903703,1.6042778369950177,0.0,224,C0R780,滿州,22.024403,120.839892,屏東縣,二期作,C0R780_2026_2,2026-06-25,2026-09-30,2026-09-30,EPIRICE_BLB_source2023_guide_v1,2026-10-09T05:26:22.799901+08:00,False
50,2026-08-13,27.795833333333334,85.45833333333333,1.5,0.0,0.9,0.449,0.0,2093.9036827844075,6.554093267475574,4.27254708807379,-8.881784197001252e-16,0.0,0.0,10.826640355549364,0.9948560439137887,0.005143956086211351,2.443046885693266,0.0769952865824187,2104.730323139957,71.66841281310414,20.939036827844074,400.4033070932409,1.5374893976319979,0.0,225,C0R780,滿州,22.024403,120.839892,屏東縣,二期作,C0R780_2026_2,2026-06-25,2026-09-30,2026-09-30,EPIRICE_BLB_source2023_guide_v1,2026-10-09T05:26:22.799901+08:00,False
51,2026-08-14,26.583333333333332,91.875,10.9,1.0,0.9,0.43,0.33669,2144.6330587696675,6.554093267475574,4.2725470880737895,0.0,1.4098387118512052,0.0,10.826640355549364,0.9949771084284511,0.005022891571548892,2.443046885693266,0.08207871041129883,2155.459699125217,70.00486438978984,21.446330587696675,421.342343921085,0.0,0.0,226,C0R780,滿州,22.024403,120.839892,屏東縣,二期作,C0R780_2026_2,2026-06-25,2026-09-30,2026-09-30,EPIRICE_BLB_source2023_guide_v1,2026-10-09T05:26:22.799901+08:00,False
52,2026-08-15,26.224999999999998,92.125,12.3,1.0,0.9,0.428,0.335124,2191.7817538599097,7.963931979326779,4.27254708807379,-8.881784197001252e-16,1.400299345881648,1.7404390821436153,12.23647906740057,0.9944481044282704,0.005551895571729662,2.443046885693266,0.0873661039829381,2204.0182329273102,68.21795825772101,21.9178175385991,442.78867450878164,1.4098387118512052,0.0,227,C0R780,滿州,22.024403,120.839892,屏東縣,二期作,C0R780_2026_2,2026-06-25,2026-09-30,2026-09-30,EPIRICE_BLB_source2023_guide_v1,2026-10-09T05:26:22.799901+08:00,False
53,2026-08-16,26.90416666666667,89.70833333333333,7.3,1.0,0.9,0.426,0.333558,2236.68159523315,7.623792243064813,6.012986170217406,0.0,1.957502646786584,1.6718869507049432,13.636778413282219,0.9939400670709607,0.006059932929039318,2.443046885693266,0.09317201823332259,2250.318373646432,66.37923171862845,22.3668159523315,464.7064920473807,1.400299345881648,1.7404390821436153,228,C0R780,滿州,22.024403,120.839892,屏東縣,二期作,C0R780_2026_2,2026-06-25,2026-09-30,2026-09-30,EPIRICE_BLB_source2023_guide_v1,2026-10-09T05:26:22.799901+08:00,False
54,2026-08-17,26.954166666666666,88.83333333333333,17.3,1.0,0.9,0.424,0.331992,2278.7365083526606,7.909407939146453,7.684873120922349,0.0,2.4826564639720186,1.6042778369950177,15.594281060068802,0.9932031243567714,0.006796875643228589,2.443046885693266,0.09960042251945654,2294.3307894127292,64.49317170800461,22.787365083526606,487.0733079997122,1.957502646786584,1.6718869507049432,229,C0R780,滿州,22.024403,120.839892,屏東縣,二期作,C0R780_2026_2,2026-06-25,2026-09-30,2026-09-30,EPIRICE_BLB_source2023_guide_v1,2026-10-09T05:26:22.799901+08:00,False
55,2026-08-18,26.416666666666668,91.54166666666667,18.8,1.0,0.9,0.422,0.330426,2317.9596585131662,8.787786566123454,9.289150957917364,1.7763568394002505e-15,2.9754671400487056,1.5374893976319979,18.076937524040822,0.9922617061929997,0.007738293807000318,2.443046885693266,0.10686800724457099,2336.036596037207,62.5822599005459,23.179596585131662,509.8606730832388,2.4826564639720186,1.6042778369950177,230,C0R780,滿州,22.024403,120.839892,屏東縣,二期作,C0R780_2026_2,2026-06-25,2026-09-30,2026-09-30,EPIRICE_BLB_source2023_guide_v1,2026-10-09T05:26:22.799901+08:00,False
56,2026-08-19,27.116666666666664,84.5,1.5,0.0,0.9,0.42,0.0,2354.386854688532,10.225764308540162,10.826640355549364,0.0,0.0,0.0,21.052404664089526,0.9911374687518523,0.008862531248147738,2.443046885693266,0.11516841977214502,2375.4392593526213,60.66671777101339,23.54386854688532,533.0402696683705,2.9754671400487056,1.5374893976319979,231,C0R780,滿州,22.024403,120.839892,屏東縣,二期作,C0R780_2026_2,2026-06-25,2026-09-30,2026-09-30,EPIRICE_BLB_source2023_guide_v1,2026-10-09T05:26:22.799901+08:00,False
57,2026-08-20,25.258333333333336,94.70833333333333,37.0,1.0,0.9,0.418,0.327294,2391.50970391266,10.225764308540162,10.826640355549364,0.0,3.421419558712638,1.4098387118512052,21.052404664089526,0.991273839297547,0.008726160702452978,2.443046885693266,0.12396276574744539,2412.5621085767493,58.84891745522588,24.9150970391266,556.5841382152557,0.0,0.0,232,C0R780,滿州,22.024403,120.839892,屏東縣,二期作,C0R780_2026_2,2026-06-25,2026-09-30,2026-09-30,EPIRICE_BLB_source2023_guide_v1,2026-10-09T05:26:22.799901+08:00,False
58,2026-08-21,24.829166666666666,98.375,71.3,1.0,0.8738055555555555,0.416,0.31624770666666663,2422.0221047700466,12.237345155401595,11.23647906740057,1.0,3.4134382596823842,1.400299345881648,24.473824222802165,0.98999637647757,0.009598799141109022,2.443046885693266,0.1331252456692264,2446.495928992849,57.0313598754231,24.220221047700466,581.4992352543824,3.421419558712638,1.4098387118512052,233,C0R780,滿州,22.024403,120.839892,屏東縣,二期作,C0R780_2026_2,2026-06-25,2026-09-30,2026-09-30,EPIRICE_BLB_source2023_guide_v1,2026-10-09T05:26:22.799901+08:00,False
59,2026-08-22,24.912499999999998,98.5,118.2,1.0,0.8865833333333331,0.414,0.3193295849999999,2451.419805338087,14.25048406920233,12.636778413282217,1.0,3.856781319125482,1.957502646786584,27.887262482484545,0.98875199331118,0.010849044023479004,2.443046885693266,0.14334916725152042,2479.3070678205713,55.210028984744696,24.51419805338087,605.7194563020828,3.4134382596823842,1.400299345881648,234,C0R780,滿州,22.024403,120.839892,屏東縣,二期作,C0R780_2026_2,2026-06-25,2026-09-30,2026-09-30,EPIRICE_BLB_source2023_guide_v1,2026-10-09T05:26:22.799901+08:00,False
60,2026-08-23,24.724999999999998,98.08333333333333,114.9,1.0,0.857833333333333,0.412,0.30748177999999987,2478.2588549503257,16.149762741541227,14.5942810600688,1.0000000000000018,4.26473319488865,2.4826564639720186,31.74404380161003,0.9873529852027684,0.012253490746026307,2.443046885693266,0.15490043463627307,2510.002898751936,53.437232064314735,24.78258854950326,630.2336543554636,3.856781319125482,1.957502646786584,235,C0R780,滿州,22.024403,120.839892,屏東縣,二期作,C0R780_2026_2,2026-06-25,2026-09-30,2026-09-30,EPIRICE_BLB_source2023_guide_v1,2026-10-09T05:26:22.799901+08:00,False
61,2026-08-24,24.608333333333334,98.45833333333333,133.4,1.0,0.8399444444444446,0.41,0.29960818333333333,2502.6487652702485,17.93183947245786,17.07693752404082,1.0,4.8322210501852005,2.9754671400487056,36.00877699649868,0.9858158194254327,0.013795705848168662,2.443046885693266,0.16792503293337055,2538.6575422667474,51.722121414591136,25.026487652702485,655.0162429049669,4.26473319488865,2.4826564639720186,236,C0R780,滿州,22.024403,120.839892,屏東縣,二期作,C0R780_2026_2,2026-06-25,2026-09-30,2026-09-30,EPIRICE_BLB_source2023_guide_v1,2026-10-09T05:26:22.799901+08:00,False
62,2026-08-25,24.775000000000002,98.375,43.1,1.0,0.8655000000000004,0.41,0.3087238500000001,2524.512177981952,19.788593382594353,20.052404664089526,1.0,5.805743809084963,0.0,40.84099804668388,0.9840797756705341,0.015536470724514187,2.443046885693266,0.18259112121971197,2565.353176028636,50.0679261197899,25.24512177981952,680.0427305576694,4.8322210501852005,2.9754671400487056,237,C0R780,滿州,22.024403,120.839892,屏東縣,二期作,C0R780_2026_2,2026-06-25,2026-09-30,2026-09-30,EPIRICE_BLB_source2023_guide_v1,2026-10-09T05:26:22.799901+08:00,False
63,2026-08-26,26.570833333333336,88.16666666666667,9.9,1.0,0.9,0.41,0.32103,2543.5292385128373,25.594337191679315,20.052404664089526,1.0,5.986071908219496,3.421419558712638,46.64674185576884,0.9819908986071554,0.01762983366208672,2.443046885693266,0.19917427341301241,2590.1759803686064,48.472038258746146,25.435292385128374,705.287852337489,5.805743809084963,0.0,238,C0R780,滿州,22.024403,120.839892,屏東縣,二期作,C0R780_2026_2,2026-06-25,2026-09-30,2026-09-30,EPIRICE_BLB_source2023_guide_v1,2026-10-09T05:26:22.799901+08:00,False
64,2026-08-27,26.866666666666664,86.5,1.6,0.0,0.9,0.41,0.0,2560.5799124782357,28.158989541186177,23.473824222802165,1.0,0.0,3.4134382596823842,52.63281376398834,0.9798589631699545,0.01976592995098997,2.443046885693266,0.21787215521955075,2613.212726242224,46.95361581506339,25.605799124782358,730.7231447226173,5.986071908219496,3.421419558712638,239,C0R780,滿州,22.024403,120.839892,屏東縣,二期作,C0R780_2026_2,2026-06-25,2026-09-30,2026-09-30,EPIRICE_BLB_source2023_guide_v1,2026-10-09T05:26:22.799901+08:00,False
65,2026-08-28,26.974999999999998,87.33333333333333,7.300000000000001,1.0,0.9,0.41,0.32103,2581.927729168517,24.745551281503793,26.887262482484548,1.0,7.962249821507375,3.856781319125482,52.63281376398834,0.9800221657820005,0.01960570600989279,2.443046885693266,0.23755797319999214,2634.5605429325055,45.622619167767354,25.81927729168517,756.3289438473997,0.0,3.4134382596823842,240,C0R780,滿州,22.024403,120.839892,屏東縣,二期作,C0R780_2026_2,2026-06-25,2026-09-30,2026-09-30,EPIRICE_BLB_source2023_guide_v1,2026-10-09T05:26:22.799901+08:00,False
66,2026-08-29,26.34583333333333,92.375,12.0,1.0,0.9,0.41,0.32103,2593.7688212230923,28.851019783885683,30.74404380161003,1.0000000000000036,8.9989084151741,4.26473319488865,60.595063585495716,0.9771715310277191,0.0224601924849802,2.443046885693266,0.25859092244742865,2654.363884808588,44.22668572864926,26.658164172463447,782.1482211390849,7.962249821507375,3.856781319125482,241,C0R780,滿州,22.024403,120.839892,屏東縣,二期作,C0R780_2026_2,2026-06-25,2026-09-30,2026-09-30,EPIRICE_BLB_source2023_guide_v1,2026-10-09T05:26:22.799901+08:00,False
67,2026-08-30,25.0,97.25,25.8,1.0,0.9,0.41,0.32103,2602.338434364104,33.58519500417113,34.288301036266155,1.7204759602325268,9.904779686929517,4.8322210501852005,69.59397200066982,0.9739536929022266,0.025418767427255982,2.443046885693266,0.28253040240354677,2671.932406364774,42.94408108934732,26.730441588792967,808.8063853115483,8.9989084151741,4.26473319488865,242,C0R780,滿州,22.024403,120.839892,屏東縣,二期作,C0R780_2026_2,2026-06-25,2026-09-30,2026-09-30,EPIRICE_BLB_source2023_guide_v1,2026-10-09T05:26:22.799901+08:00,False
68,2026-08-31,24.4375,98.45833333333333,128.9,1.0,0.81375,0.41,0.29026462499999994,2608.6472941777292,38.65775364091545,38.41346484129943,2.4275332053844494,9.888436000294565,5.805743809084963,79.49875168759934,0.9704261783656147,0.028696685121287452,2.443046885693266,0.3095881286778185,2688.1460458653287,41.72645101461194,26.66416208602958,835.5368269003412,9.904779686929517,4.8322210501852005,243,C0R780,滿州,22.024403,120.839892,屏東縣,二期作,C0R780_2026_2,2026-06-25,2026-09-30,2026-09-30,EPIRICE_BLB_source2023_guide_v1,2026-10-09T05:26:22.799901+08:00,False
69,2026-09-01,24.775000000000002,98.66666666666667,54.0,1.0,0.8655000000000004,0.41,0.3087238500000001,2613.821147106017,42.74044583212505,43.641519506132106,3.005222349636739,11.777563184710376,5.986071908219496,89.38718768789388,0.9669329268716136,0.03199091392056895,2.443046885693266,0.3399319281987467,2703.208334793911,40.57889250692775,26.758267458675537,862.2009889863708,9.888436000294565,5.805743809084963,244,C0R780,滿州,22.024403,120.839892,屏東縣,二期作,C0R780_2026_2,2026-06-25,2026-09-30,2026-09-30,EPIRICE_BLB_source2023_guide_v1,2026-10-09T05:26:22.799901+08:00,False
70,2026-09-02,25.558333333333334,97.33333333333333,62.2,1.0,0.9,0.41,0.32103,2615.864208969559,48.531937108615935,49.00753542673624,3.625278337252098,13.51736978419801,0.0,101.16475087260427,0.9627664068481327,0.035947276551661016,2.443046885693266,0.37390102343486165,2717.028959842163,39.480833059927654,26.80591084051728,888.9592564450463,11.777563184710376,5.986071908219496,245,C0R780,滿州,22.024403,120.839892,屏東縣,二期作,C0R780_2026_2,2026-06-25,2026-09-30,2026-09-30,EPIRICE_BLB_source2023_guide_v1,2026-10-09T05:26:22.799901+08:00,False
71,2026-09-03,26.070833333333336,95.125,23.1,1.0,0.9,0.41,0.32103,2615.0217614047715,62.049306892813945,48.360266675914545,4.272547088073793,13.075954039763731,7.962249821507375,114.68212065680228,0.9579873401615306,0.04051086231816661,2.443046885693266,0.4121300928697755,2729.703882061574,38.432330709786534,26.150217614047715,915.7651672855636,13.51736978419801,0.0,246,C0R780,滿州,22.024403,120.839892,屏東縣,二期作,C0R780_2026_2,2026-06-25,2026-09-30,2026-09-30,EPIRICE_BLB_source2023_guide_v1,2026-10-09T05:26:22.799901+08:00,False
72,2026-09-04,27.25,85.5,2.1,0.0,0.9,0.41,0.0,2614.2279204607466,67.1630111110703,56.32251649742192,4.272547088073793,0.0,8.9989084151741,127.75807469656601,0.9534067369701368,0.04510535158293498,2.443046885693266,0.4549381998203263,2741.9859951573126,37.417281231931156,26.142279204607465,941.9153848996114,13.075954039763731,7.962249821507375,247,C0R780,滿州,22.024403,120.839892,屏東縣,二期作,C0R780_2026_2,2026-06-25,2026-09-30,2026-09-30,EPIRICE_BLB_source2023_guide_v1,2026-10-09T05:26:22.799901+08:00,False
73,2026-09-05,27.65416666666667,80.58333333333333,0.1,0.0,0.9,0.41,0.0,2625.5029224880705,58.1641026958962,65.32142491259603,4.272547088073779,0.0,9.904779686929517,127.75807469656601,0.9535975431216998,0.04492035155846311,2.443046885693266,0.49995105139102536,2753.2609971846364,36.65357992128575,26.255029224880705,968.0576641042188,0.0,8.9989084151741,248,C0R780,滿州,22.024403,120.839892,屏東縣,二期作,C0R780_2026_2,2026-06-25,2026-09-30,2026-09-30,EPIRICE_BLB_source2023_guide_v1,2026-10-09T05:26:22.799901+08:00,False
74,2026-09-06,27.59583333333333,82.04166666666667,1.7,0.0,0.9,0.41,0.0,2635.9014731844754,48.25932300896668,75.22620459952554,4.272547088073793,0.0,9.888436000294565,127.75807469656601,0.9537721370946284,0.04475107245667464,2.443046885693266,0.5447867633985942,2763.6595478810414,35.94220126719823,26.359014731844756,994.3126933290995,0.0,9.904779686929517,249,C0R780,滿州,22.024403,120.839892,屏東縣,二期作,C0R780_2026_2,2026-06-25,2026-09-30,2026-09-30,EPIRICE_BLB_source2023_guide_v1,2026-10-09T05:26:22.799901+08:00,False
75,2026-09-07,25.933333333333334,84.20833333333333,3.9000000000000004,0.0,0.9,0.41,0.0,2645.484659719829,38.37088700867211,85.1146405998201,4.272547088073793,0.0,11.777563184710376,127.75807469656601,0.9539318815799759,0.0445961925388727,2.443046885693266,0.5894603958963679,2773.242734416395,35.280618735169014,26.45484659719829,1020.6717080609443,0.0,9.888436000294565,250,C0R780,滿州,22.024403,120.839892,屏東縣,二期作,C0R780_2026_2,2026-06-25,2026-09-30,2026-09-30,EPIRICE_BLB_source2023_guide_v1,2026-10-09T05:26:22.799901+08:00,False
76,2026-09-08,24.391666666666666,88.875,7.8,1.0,0.8067222222222221,0.41,0.2877578166666666,2654.3104318577994,26.59332382396174,96.89220378453048,4.272547088073793,23.10210424724846,13.51736978419801,127.75807469656601,0.9540780270523258,0.04445449896623003,2.443046885693266,0.6339857416489193,2782.0685065543653,34.666247589208055,26.543104318577996,1047.1265546581426,0.0,11.777563184710376,251,C0R780,滿州,22.024403,120.839892,屏東縣,二期作,C0R780_2026_2,2026-06-25,2026-09-30,2026-09-30,EPIRICE_BLB_source2023_guide_v1,2026-10-09T05:26:22.799901+08:00,False
77,2026-09-09,26.0,72.45833333333333,1.2,0.0,0.9,0.41,0.0,2639.331470881181,36.17805828701219,110.40957356872849,4.272547088073793,0.0,13.075954039763731,150.86017894381447,0.9459319652994888,0.05261733253910035,2.443046885693266,0.6825216574015844,2790.1916498249952,33.800627363962036,26.393314708811808,1073.6696589767205,23.10210424724846,13.51736978419801,252,C0R780,滿州,22.024403,120.839892,屏東縣,二期作,C0R780_2026_2,2026-06-25,2026-09-30,2026-09-30,EPIRICE_BLB_source2023_guide_v1,2026-10-09T05:26:22.799901+08:00,False
78,2026-09-10,26.245833333333334,77.70833333333333,3.3000000000000003,0.0,0.9,0.41,0.0,2646.738783536331,23.10210424724846,123.48552760849222,4.272547088073793,0.0,0.0,150.86017894381447,0.9460751233586129,0.05247780246805335,2.443046885693266,0.7350692249051612,2797.5989624801455,33.282826016845554,26.46738783536331,1100.0629736855324,0.0,13.075954039763731,253,C0R780,滿州,22.024403,120.839892,屏東縣,二期作,C0R780_2026_2,2026-06-25,2026-09-30,2026-09-30,EPIRICE_BLB_source2023_guide_v1,2026-10-09T05:26:22.799901+08:00,False
79,2026-09-11,25.462500000000002,87.375,21.0,1.0,0.9,0.41,0.32103,2653.5542217178136,23.10210424724846,123.4855276084922,4.272547088073807,31.77640713952802,0.0,150.86017894381447,0.9462061744839768,0.05235007350383511,2.443046885693266,0.7874831628911054,2804.414400661628,32.80336991172216,26.535542217178136,1126.5303615208957,0.0,0.0,254,C0R780,滿州,22.024403,120.839892,屏東縣,二期作,C0R780_2026_2,2026-06-25,2026-09-30,2026-09-30,EPIRICE_BLB_source2023_guide_v1,2026-10-09T05:26:22.799901+08:00,False
80,2026-09-12,25.912499999999998,91.75,12.9,1.0,0.9,0.41,0.32103,2628.0456422728294,54.87851138677648,123.48552760849222,4.272547088073793,30.30025641775534,0.0,182.63658608334248,0.9350205497296087,0.06355595200009198,2.443046885693266,0.8454361756430689,2810.682228356172,31.973277288372838,26.280456422728292,1153.0659037380738,31.77640713952802,0.0,255,C0R780,滿州,22.024403,120.839892,屏東縣,二期作,C0R780_2026_2,2026-06-25,2026-09-30,2026-09-30,EPIRICE_BLB_source2023_guide_v1,2026-10-09T05:26:22.799901+08:00,False
81,2026-09-13,26.462500000000002,88.54166666666667,6.9,1.0,0.9,0.41,0.32103,2603.4382067207184,85.17876780453182,123.48552760849222,4.272547088073793,28.946017739503713,0.0,212.93684250109783,0.9243932932299149,0.07420223667334158,2.443046885693266,0.9143152699797857,2816.3750492218164,31.210745434602448,26.034382067207186,1179.346360160802,30.30025641775534,0.0,256,C0R780,滿州,22.024403,120.839892,屏東縣,二期作,C0R780_2026_2,2026-06-25,2026-09-30,2026-09-30,EPIRICE_BLB_source2023_guide_v1,2026-10-09T05:26:22.799901+08:00,False
82,2026-09-14,26.558333333333334,83.75,4.6,0.0,0.9,0.41,0.0,2579.66855234861,114.12478554403553,123.48552760849222,4.272547088073793,0.0,23.10210424724846,241.88286024060153,0.9142730984233116,0.0843403597926262,2.443046885693266,0.9935865682127696,2821.5514125892114,30.508497488261423,25.7966855234861,1205.3807422280092,28.946017739503713,0.0,257,C0R780,滿州,22.024403,120.839892,屏東縣,二期作,C0R780_2026_2,2026-06-25,2026-09-30,2026-09-30,EPIRICE_BLB_source2023_guide_v1,2026-10-09T05:26:22.799901+08:00,False
83,2026-09-15,25.329166666666666,90.0,18.9,1.0,0.9,0.41,0.32103,2584.380364313385,91.02268129678707,146.58763185574068,4.272547088073793,32.90169319904476,0.0,241.88286024060153,0.914416018246576,0.0841995386625078,2.443046885693266,1.0778565174403365,2826.2632245539867,30.183686996389937,27.58424272527747,1231.1774277514953,0.0,23.10210424724846,258,C0R780,滿州,22.024403,120.839892,屏東縣,二期作,C0R780_2026_2,2026-06-25,2026-09-30,2026-09-30,EPIRICE_BLB_source2023_guide_v1,2026-10-09T05:26:22.799901+08:00,False
84,2026-09-16,26.09583333333333,81.83333333333333,3.5,0.0,0.9,0.41,0.0,2554.078115385453,123.92437449583183,144.84719277359707,6.012986170217403,0.0,0.0,274.7845534396463,0.9028639472435855,0.09521285136821384,2.443046885693266,1.1675627124556973,2828.8626688250997,29.622304229886762,27.212668104559476,1258.7616704767727,32.90169319904476,0.0,259,C0R780,滿州,22.024403,120.839892,屏東縣,二期作,C0R780_2026_2,2026-06-25,2026-09-30,2026-09-30,EPIRICE_BLB_source2023_guide_v1,2026-10-09T05:26:22.799901+08:00,False
85,2026-09-17,26.429166666666664,76.58333333333333,0.0,0.0,0.9,0.41,0.0,2556.4877515107805,123.92437449583183,143.1753058228921,7.6848731209223615,0.0,31.77640713952802,274.7845534396463,0.9029466176887364,0.09459585961737349,2.443046885693266,1.262467067948491,2831.2723049504266,29.457744876157385,27.169155352102823,1285.9743385813322,0.0,0.0,260,C0R780,滿州,22.024403,120.839892,屏東縣,二期作,C0R780_2026_2,2026-06-25,2026-09-30,2026-09-30,EPIRICE_BLB_source2023_guide_v1,2026-10-09T05:26:22.799901+08:00,False
86,2026-09-18,26.945833333333336,79.79166666666667,1.1,0.0,0.9,0.41,0.0,2558.7763410348352,92.14796735630381,173.34743512542514,9.289150957917343,0.0,30.30025641775534,274.7845534396463,0.9030250050473652,0.09400490696095505,2.443046885693266,1.3567674512376553,2833.5608944744818,29.301116051520744,27.12525280798035,1313.143493933435,0.0,31.77640713952802,261,C0R780,滿州,22.024403,120.839892,屏東縣,二期作,C0R780_2026_2,2026-06-25,2026-09-30,2026-09-30,EPIRICE_BLB_source2023_guide_v1,2026-10-09T05:26:22.799901+08:00,False
87,2026-09-19,27.020833333333332,79.875,0.4,0.0,0.9,0.41,0.0,2560.9522042783756,61.847710938548474,202.1102021455485,10.82664035554933,0.0,28.946017739503713,274.7845534396463,0.9030994140440697,0.09343940235894865,2.443046885693266,1.4504896058976071,2835.736757718022,29.15189853936311,25.609522042783755,1340.2687467414153,0.0,30.30025641775534,262,C0R780,滿州,22.024403,120.839892,屏東縣,二期作,C0R780_2026_2,2026-06-25,2026-09-30,2026-09-30,EPIRICE_BLB_source2023_guide_v1,2026-10-09T05:26:22.799901+08:00,False
88,2026-09-20,27.34583333333333,72.45833333333333,0.1,0.0,0.9,0.41,0.0,2564.494580774955,32.90169319904476,231.0562198850522,10.826640355549358,0.0,0.0,274.7845534396463,0.9032203103497758,0.09332237810505387,2.443046885693266,1.5438704961296084,2839.279134214601,28.90833454622204,27.054784519600755,1365.878268784199,0.0,28.946017739503713,263,C0R780,滿州,22.024403,120.839892,屏東縣,二期作,C0R780_2026_2,2026-06-25,2026-09-30,2026-09-30,EPIRICE_BLB_source2023_guide_v1,2026-10-09T05:26:22.799901+08:00,False
89,2026-09-21,26.808333333333334,73.875,3.0,0.0,0.9,0.41,0.0,2566.3481308015766,32.90169319904476,229.64638117320095,12.236479067400609,0.0,32.90169319904476,274.7845534396463,0.9032834492511452,0.0928093699203479,2.443046885693266,1.6369363701423092,2841.1326842412227,28.780577031353676,27.063780653897417,1392.9330533037999,0.0,0.0,264,C0R780,滿州,22.024403,120.839892,屏東縣,二期作,C0R780_2026_2,2026-06-25,2026-09-30,2026-09-30,EPIRICE_BLB_source2023_guide_v1,2026-10-09T05:26:22.799901+08:00,False
90,2026-09-22,26.570833333333336,71.58333333333333,0.6000000000000001,0.0,0.9,0.41,0.0,2568.0649271790326,0.0,261.1477750263641,13.636778413282173,0.0,0.0,274.7845534396463,0.9033418563617213,0.09230404445123445,2.443046885693266,1.7294930773281003,2842.849480618679,28.66205382959205,27.63815191857691,1419.9968339576972,0.0,32.90169319904476,265,C0R780,滿州,22.024403,120.839892,屏東縣,二期作,C0R780_2026_2,2026-06-25,2026-09-30,2026-09-30,EPIRICE_BLB_source2023_guide_v1,2026-10-09T05:26:22.799901+08:00,False
91,2026-09-23,26.537499999999998,72.91666666666667,0.2,0.0,0.9,0.41,0.0,2569.0888290900475,0.0,259.1902723795775,15.594281060068795,0.0,0.0,274.7845534396463,0.9033766569469353,0.091642395633761,2.443046885693266,1.821466297370598,2843.873382529694,28.591278583893374,28.173544754872495,1447.6349858762742,0.0,0.0,266,C0R780,滿州,22.024403,120.839892,屏東縣,二期作,C0R780_2026_2,2026-06-25,2026-09-30,2026-09-30,EPIRICE_BLB_source2023_guide_v1,2026-10-09T05:26:22.799901+08:00,False
92,2026-09-24,26.77916666666667,78.91666666666667,1.8,0.0,0.9,0.41,0.0,2569.506562919068,0.0,256.7076159156055,18.076937524040773,0.0,0.0,274.7845534396463,0.9033908477724925,0.09083091360805967,2.443046885693266,1.9127029519915082,2844.291116358714,28.562384718903104,28.670532769239387,1475.8085306311466,0.0,0.0,267,C0R780,滿州,22.024403,120.839892,屏東縣,二期作,C0R780_2026_2,2026-06-25,2026-09-30,2026-09-30,EPIRICE_BLB_source2023_guide_v1,2026-10-09T05:26:22.799901+08:00,False
93,2026-09-25,26.391666666666666,85.91666666666667,4.2,0.0,0.9,0.41,0.0,2569.398414868732,0.0,253.73214877555677,21.052404664089522,0.0,0.0,274.7845534396463,0.9033871742776525,0.08987616514909678,2.443046885693266,2.0030564913700863,2844.182968308378,28.569866162867232,25.69398414868732,1504.479063400386,0.0,0.0,268,C0R780,滿州,22.024403,120.839892,屏東縣,二期作,C0R780_2026_2,2026-06-25,2026-09-30,2026-09-30,EPIRICE_BLB_source2023_guide_v1,2026-10-09T05:26:22.799901+08:00,False
94,2026-09-26,26.945833333333336,78.16666666666667,0.0,0.0,0.9,0.41,0.0,2572.2742968829116,0.0,253.73214877555677,21.052404664089522,0.0,0.0,274.7845534396463,0.9034847651960146,0.08978470277920274,2.443046885693266,2.092886925334236,2847.058850322558,28.370670238362134,29.144162527541756,1530.1730475490733,0.0,0.0,269,C0R780,滿州,22.024403,120.839892,屏東縣,二期作,C0R780_2026_2,2026-06-25,2026-09-30,2026-09-30,EPIRICE_BLB_source2023_guide_v1,2026-10-09T05:26:22.799901+08:00,False
95,2026-09-27,27.03333333333333,74.125,0.0,0.0,0.9,0.41,0.0,2571.500804593732,0.0,250.31072921684412,24.473824222802165,0.0,0.0,274.7845534396463,0.9034585366979835,0.08870568647751763,2.443046885693266,2.182132119962596,2846.2853580333785,28.42429645042972,29.128446305619704,1559.317210076615,0.0,0.0,270,C0R780,滿州,22.024403,120.839892,屏東縣,二期作,C0R780_2026_2,2026-06-25,2026-09-30,2026-09-30,EPIRICE_BLB_source2023_guide_v1,2026-10-09T05:26:22.799901+08:00,False
96,2026-09-28,27.5625,76.83333333333333,0.0,0.0,0.9,0.41,0.0,2570.796654738542,0.0,246.89729095716177,27.887262482484516,0.0,0.0,274.7845534396463,0.9034346471469812,0.0876238852464161,2.443046885693266,2.270296905824563,2845.5812081781887,28.473082637249643,29.564747866510903,1588.4456563822348,0.0,0.0,271,C0R780,滿州,22.024403,120.839892,屏東縣,二期作,C0R780_2026_2,2026-06-25,2026-09-30,2026-09-30,EPIRICE_BLB_source2023_guide_v1,2026-10-09T05:26:22.799901+08:00,False
97,2026-09-29,27.337500000000002,78.16666666666667,0.0,0.0,0.9,0.41,0.0,2569.704989509281,0.0,243.04050963803627,31.74404380161002,0.0,0.0,274.7845534396463,0.9033975870571235,0.08640686109415656,2.443046885693266,2.3573122789948493,2844.489542948927,28.548656103339592,29.96178308998146,1618.0104042487458,0.0,0.0,272,C0R780,滿州,22.024403,120.839892,屏東縣,二期作,C0R780_2026_2,2026-06-25,2026-09-30,2026-09-30,EPIRICE_BLB_source2023_guide_v1,2026-10-09T05:26:22.799901+08:00,False
98,2026-09-30,26.8125,81.625,0.0,0.0,0.9,0.41,0.0,2568.291862522639,0.0,238.7757764431476,36.00877699649868,0.0,0.0,274.7845534396463,0.9033495716482032,0.08506235230267563,2.443046885693266,2.4430468856932652,2843.076415962285,28.646373013327462,30.51513967541159,1647.9721873387273,0.0,0.0,273,C0R780,滿州,22.024403,120.839892,屏東縣,二期作,C0R780_2026_2,2026-06-25,2026-09-30,2026-09-30,EPIRICE_BLB_source2023_guide_v1,2026-10-09T05:26:22.799901+08:00,False
