站號,站名,日期,lat,lon,BlastGRU-TW,BlastDT2,BlastLSTLS,BLBTSLS,BLASTAM,planthopper
C0C480,桃園,2026-02-12,24.992425,121.323172,0.0010695757,0.0,0.04,7.702443e-09,0.0,0.0
C0C480,桃園,2026-02-13,24.992425,121.323172,0.0018012433,0.0,0.03,7.2359407e-09,0.0,0.0
C0C480,桃園,2026-02-14,24.992425,121.323172,0.0019896443,0.0,0.02,4.1094426e-09,0.0,0.0
C0C480,桃園,2026-02-15,24.992425,121.323172,0.0028400982,0.0,0.03,1.4589865e-09,0.0,0.0
C0C480,桃園,2026-02-16,24.992425,121.323172,0.004602731,0.0,0.03,2.13706e-09,0.0,0.0
C0C480,桃園,2026-02-17,24.992425,121.323172,0.0077717397,0.0,0.03,4.066372e-09,0.0,0.0
C0C480,桃園,2026-02-18,24.992425,121.323172,0.008775844,0.0,0.03,2.0310416e-09,0.0,0.0
C0C480,桃園,2026-02-19,24.992425,121.323172,0.003974325,0.0,0.11,8.367459e-10,0.0,0.0
C0C480,桃園,2026-02-20,24.992425,121.323172,0.0020929447,0.0,0.21,5.3532434e-10,0.0,0.0
C0C480,桃園,2026-02-21,24.992425,121.323172,0.010718636,0.0,0.3,8.0135165e-10,0.0,0.0
C0C480,桃園,2026-02-22,24.992425,121.323172,0.020479143,0.0,0.04,3.1674312e-09,0.0,0.0
C0C480,桃園,2026-02-23,24.992425,121.323172,0.01392224,0.0,0.02,4.5943236e-09,0.0,0.0
C0C480,桃園,2026-02-24,24.992425,121.323172,0.009163494,0.0,0.02,1.9940956e-09,0.0,0.0
C0C480,桃園,2026-02-25,24.992425,121.323172,0.0059179016,0.0,0.02,1.4443781e-09,0.0,0.0
C0C480,桃園,2026-02-26,24.992425,121.323172,0.007912238,0.0,0.03,1.4261681e-09,0.0,0.0
C0C480,桃園,2026-02-27,24.992425,121.323172,0.007760199,0.0,0.01,1.269559e-09,0.0,0.0
C0C480,桃園,2026-02-28,24.992425,121.323172,0.004295118,0.0,0.02,9.937987e-10,0.0,0.0
C0C480,桃園,2026-03-01,24.992425,121.323172,0.0025667022,0.0,0.03,7.962978e-10,0.0,3.7
C0C480,桃園,2026-03-02,24.992425,121.323172,0.0015743896,0.0,0.03,3.7827643e-09,0.0,0.0
C0C480,桃園,2026-03-03,24.992425,121.323172,0.0007751564,0.0,0.05,1.4586248e-09,0.0,0.0
C0C480,桃園,2026-03-04,24.992425,121.323172,0.004028127,0.0,0.1,7.062818e-10,0.0,0.0
C0C480,桃園,2026-03-05,24.992425,121.323172,0.024733024,0.0,0.07,1.6452278e-08,0.0,0.0
C0C480,桃園,2026-03-06,24.992425,121.323172,0.03629117,0.0,0.24,9.256357e-09,0.0,0.0
C0C480,桃園,2026-03-07,24.992425,121.323172,0.051041413,0.0,0.47,3.3044807e-09,0.0,0.0
C0C480,桃園,2026-03-08,24.992425,121.323172,0.055746578,,0.73,5.0976816e-08,0.0,0.0
C0C480,桃園,2026-03-09,24.992425,121.323172,0.06618419,,0.84,9.725284e-07,0.0,0.0
C0C480,桃園,2026-03-10,24.992425,121.323172,0.069003165,,0.93,3.802214e-07,0.0,0.0
C0C480,桃園,2026-03-11,24.992425,121.323172,0.08289808,,0.96,2.3361851e-07,0.0,0.0
C0C480,桃園,2026-03-12,24.992425,121.323172,0.14247133,,0.97,6.5517537e-07,0.4,0.0
C0C480,桃園,2026-03-13,24.992425,121.323172,0.1458563,,0.99,7.530912e-06,0.0,0.0
C0C480,桃園,2026-03-14,24.992425,121.323172,0.16487059,,1.0,2.3949192e-06,0.0,0.0
C0C480,桃園,2026-03-15,24.992425,121.323172,0.18763316,,1.0,1.3973264e-06,0.0,0.0
C0C480,桃園,2026-03-16,24.992425,121.323172,0.20753327,,1.0,3.8896086e-08,0.0,0.0
C0C480,桃園,2026-03-17,24.992425,121.323172,0.2915914,,1.0,9.986693e-09,0.0,0.0
C0C480,桃園,2026-03-18,24.992425,121.323172,0.31143865,,1.0,1.6200607e-08,0.0,0.0
C0C480,桃園,2026-03-19,24.992425,121.323172,0.3684573,,0.99,5.0850183e-08,0.0,0.0
C0C480,桃園,2026-03-20,24.992425,121.323172,0.48185587,,0.93,1.0453539e-07,0.0,0.0
C0C480,桃園,2026-03-21,24.992425,121.323172,0.46623924,,0.86,8.893809e-09,0.0,0.0
C0C480,桃園,2026-03-22,24.992425,121.323172,0.2616336,,0.79,2.021158e-05,0.0,0.0
C0C480,桃園,2026-03-23,24.992425,121.323172,0.09567822,,0.52,1.3052605e-06,0.0,
C0C480,桃園,2026-03-24,24.992425,121.323172,0.010343014,,0.25,4.9196234e-07,0.0,
C0C480,桃園,2026-03-25,24.992425,121.323172,0.002400898,,0.11,0.16844854,0.0,
C0C480,桃園,2026-03-26,24.992425,121.323172,0.0026263504,,0.05,0.533073,0.0,
C0C480,桃園,2026-03-27,24.992425,121.323172,0.0012438127,,0.05,0.002233441,0.0,
C0C480,桃園,2026-03-28,24.992425,121.323172,0.0005331394,,0.06,2.8998534e-07,0.0,
C0C480,桃園,2026-03-29,24.992425,121.323172,0.0005022592,,0.08,6.366823e-08,0.0,
C0C480,桃園,2026-03-30,24.992425,121.323172,0.0012823371,,0.06,0.9909624,0.0,
C0C480,桃園,2026-03-31,24.992425,121.323172,0.0025496583,,0.04,0.9715446,0.0,
C0C480,桃園,2026-04-01,24.992425,121.323172,0.0027390788,,0.05,4.2352658e-05,0.0,
C0C480,桃園,2026-04-02,24.992425,121.323172,,,0.05,1.0157071e-07,0.0,
C0C480,桃園,2026-04-03,24.992425,121.323172,,,,,0.0,
