站號,站名,日期,lat,lon,BlastGRU-TW,BlastDT2,BlastLSTLS,BLBTSLS,BlastTF,BlastGAT,BLASTAM,planthopper,EPIRICE_BLB,EPIRICE_BLB_simday,EPIRICE_BLB_TEMP,EPIRICE_BLB_RHUM,EPIRICE_BLB_RAIN,EPIRICE_BLB_RcW,EPIRICE_BLB_RcT,EPIRICE_BLB_RcA,EPIRICE_BLB_Rc,EPIRICE_BLB_healthy_sites,EPIRICE_BLB_latent,EPIRICE_BLB_infectious,EPIRICE_BLB_removed,EPIRICE_BLB_rateinf_new_infections,EPIRICE_BLB_rtransfer_L_to_I,EPIRICE_BLB_diseased_total,EPIRICE_BLB_healthy_fraction_C,EPIRICE_BLB_intensity_active,EPIRICE_BLB_AUDPC,EPIRICE_BLB_AUDPC_cumulative,EPIRICE_BLB_total_sites,EPIRICE_BLB_growth_new_sites,EPIRICE_BLB_senescence_sites_rate,EPIRICE_BLB_senesced_total,EPIRICE_BLB_latent_cohort_entries,EPIRICE_BLB_infectious_cohort_entries,EPIRICE_BLB_DOY,EPIRICE_BLB_county,EPIRICE_BLB_season,EPIRICE_BLB_scenario_id,EPIRICE_BLB_transplant_date,EPIRICE_BLB_harvest_date,EPIRICE_BLB_simulation_end_date,EPIRICE_BLB_model_version,EPIRICE_BLB_generated_at,EPIRICE_BLB_is_forecast
C0H990,昆陽,2026-09-07,24.121322,121.273642,0.0075611547,0.0,0.12,2.7717887e-08,0.0119000002741813,0.0004879632,0.3,0.0,,,,,,,,,,,,,,,,,,,,,,,,,,,,,,,,,,,,
C0H990,昆陽,2026-09-08,24.121322,121.273642,0.00981457,0.0,0.12,3.9656058e-08,0.0122999995946884,0.0005104656,0.3,0.0,0.0007614852757165,37.0,8.258333333333333,82.70833333333333,1.6,0.0,0.0,0.732,0.0,1312.223028585796,0.0,1.0,0.0,0.0,0.0,1.0,0.9992385147242836,0.0007614852757165,0.0321889109672002,0.0212079502585286,1313.223028585796,77.37100599047133,13.12223028585796,181.3644920242676,0.0,0.0,251.0,南投縣,二期作,C0H990_2026_2,2026-08-03,2026-11-10,2026-10-21,EPIRICE_BLB_source2023_guide_v1,2026-10-08T06:53:53.563342+08:00,False
C0H990,昆陽,2026-09-09,24.121322,121.273642,0.012560572,0.0,0.12,3.106886e-08,0.0087999999523162,0.0004975852,0.3,0.0,0.0007259676727213,38.0,8.491666666666667,90.125,6.6000000000000005,1.0,0.0,0.704,0.0,1376.4718042904094,0.0,1.0,0.0,0.0,0.0,1.0,0.9992740323272786,0.0007259676727213,0.0321889109672002,0.0219516767327476,1377.4718042904094,78.3955835599539,13.764718042904097,194.48672231012557,0.0,0.0,252.0,南投縣,二期作,C0H990_2026_2,2026-08-03,2026-11-10,2026-10-21,EPIRICE_BLB_source2023_guide_v1,2026-10-08T06:53:53.563342+08:00,False
C0H990,昆陽,2026-09-10,24.121322,121.273642,0.019506248,0.0,0.19,2.6508388e-08,0.0063999998383224,0.0004947874,0.0,0.0,0.0006934319039389,39.0,10.091666666666669,83.45833333333333,1.1,0.0,0.0,0.6759999999999999,0.0,1441.102669807459,0.0,1.0,0.0,0.0,0.0,1.0,0.9993065680960612,0.0006934319039389,0.0321889109672002,0.0226613765210777,1442.102669807459,79.16595424337109,14.411026698074592,208.25144035302964,0.0,0.0,253.0,南投縣,二期作,C0H990_2026_2,2026-08-03,2026-11-10,2026-10-21,EPIRICE_BLB_source2023_guide_v1,2026-10-08T06:53:53.563342+08:00,False
C0H990,昆陽,2026-09-11,24.121322,121.273642,0.031270426,0.0,0.3,2.5195963e-08,0.0059000002220273,0.0004838336,0.0,0.0,0.0006636327160289,40.0,11.175,85.45833333333333,2.0,0.0,0.0,0.6479999999999999,0.0,1505.8575973527554,0.0,1.0,0.0,0.0,0.0,1.0,0.9993363672839712,0.0006636327160289,0.0321889109672002,0.0233399088310616,1506.8575973527554,79.67597970082662,15.058575973527557,222.66246705110424,0.0,0.0,254.0,南投縣,二期作,C0H990_2026_2,2026-08-03,2026-11-10,2026-10-21,EPIRICE_BLB_source2023_guide_v1,2026-10-08T06:53:53.563342+08:00,False
C0H990,昆陽,2026-09-12,24.121322,121.273642,0.03784396,0.0,0.34,1.9427791e-08,0.0076999999582767,0.0004689828,0.0,0.0,0.0006363448348288,41.0,11.683333333333332,83.33333333333333,2.3,0.0,0.0,0.62,0.0,1570.4750010800549,0.0,1.0,0.0,0.0,0.0,1.0,0.9993636551651712,0.0006363448348288,0.0321889109672002,0.0239898976064905,1571.4750010800549,79.92368123242804,15.704750010800549,237.72104302463177,0.0,0.0,255.0,南投縣,二期作,C0H990_2026_2,2026-08-03,2026-11-10,2026-10-21,EPIRICE_BLB_source2023_guide_v1,2026-10-08T06:53:53.563342+08:00,False
C0H990,昆陽,2026-09-13,24.121322,121.273642,0.03675095,0.0,0.32,1.4593435e-08,0.0049000000581145,0.0004081703,0.0,0.0,0.0006113613190414,42.0,10.954166666666666,75.625,0.0,0.0,0.0,0.601,0.0,1634.693932301682,0.0,1.0,0.0,0.0,0.0,1.0,0.9993886386809586,0.0006113613190414,0.0321889109672002,0.0246137506834257,1635.693932301682,79.91130116028577,16.34693932301682,253.42579303543232,0.0,0.0,256.0,南投縣,二期作,C0H990_2026_2,2026-08-03,2026-11-10,2026-10-21,EPIRICE_BLB_source2023_guide_v1,2026-10-08T06:53:53.563342+08:00,False
C0H990,昆陽,2026-09-14,24.121322,121.273642,0.034850705,0.0,0.27,1.9298824e-08,0.0031999999191612,0.0003821219,0.3,0.0,0.000588492051767,43.0,9.829166666666667,73.83333333333333,0.0,0.0,0.0,0.582,0.0,1698.258294138951,0.0,1.0,0.0,0.0,0.0,1.0,0.999411507948233,0.000588492051767,0.0321889109672002,0.0252136773688299,1699.258294138951,79.6452202918364,16.98258294138951,269.7727323584492,0.0,0.0,257.0,南投縣,二期作,C0H990_2026_2,2026-08-03,2026-11-10,2026-10-21,EPIRICE_BLB_source2023_guide_v1,2026-10-08T06:53:53.563342+08:00,False
C0H990,昆陽,2026-09-15,24.121322,121.273642,0.027226787,0.0,0.19,1.3194232e-08,0.0049000000581145,0.0003589369,0.0,0.0,0.0005675623588594,44.0,9.929166666666667,86.08333333333333,3.9,0.0,0.0,0.563,0.0,1760.920931489398,0.0,1.0,0.0,0.0,0.0,1.0,0.9994324376411404,0.0005675623588594,0.0321889109672002,0.0257917045741432,1761.920931489398,79.13573540240924,17.60920931489398,286.7553152998387,0.0,0.0,258.0,南投縣,二期作,C0H990_2026_2,2026-08-03,2026-11-10,2026-10-21,EPIRICE_BLB_source2023_guide_v1,2026-10-08T06:53:53.563342+08:00,False
C0H990,昆陽,2026-09-16,24.121322,121.273642,0.001962316,0.0,0.15,1.4355269e-08,0.0012000000569969,0.0003572033,0.3,0.0,0.0005484117438343,45.0,10.091666666666669,85.375,3.4000000000000004,0.0,0.0,0.544,0.0,1822.4474575769127,0.0,1.0,0.0,0.0,0.0,1.0,0.9994515882561656,0.0005484117438343,0.0321889109672002,0.0263496916254901,1823.4474575769127,78.39670878624972,18.224474575769133,304.36452461473266,0.0,0.0,259.0,南投縣,二期作,C0H990_2026_2,2026-08-03,2026-11-10,2026-10-21,EPIRICE_BLB_source2023_guide_v1,2026-10-08T06:53:53.563342+08:00,False
C0H990,昆陽,2026-09-17,24.121322,121.273642,0.0019730662,1.0,0.08,1.3261344e-08,0.0012000000569969,0.0003418711,0.3,0.0,0.0005308927297585,46.0,10.845833333333331,84.79166666666667,2.9,0.0,0.0,0.525,0.0,1882.6196917873935,0.0,1.0,0.0,0.0,0.0,1.0,0.9994691072702414,0.0005308927297585,0.0321889109672002,0.0268893438622865,1883.6196917873935,77.44510906631909,18.82619691787394,322.5889991905018,0.0,0.0,260.0,南投縣,二期作,C0H990_2026_2,2026-08-03,2026-11-10,2026-10-21,EPIRICE_BLB_source2023_guide_v1,2026-10-08T06:53:53.563342+08:00,False
C0H990,昆陽,2026-09-18,24.121322,121.273642,0.0025929778,0.0,0.07,9.989342e-09,0.0015000000130385,0.0003386684,0.3,0.0,0.0005148697991964,47.0,11.304166666666667,76.08333333333333,0.7,0.0,0.0,0.506,0.0,1941.238603935839,0.0,1.0,0.0,0.0,0.0,1.0,0.9994851302008037,0.0005148697991964,0.0321889109672002,0.027412225126764,1942.238603935839,76.30046801812449,19.41238603935839,341.4151961083757,0.0,0.0,261.0,南投縣,二期作,C0H990_2026_2,2026-08-03,2026-11-10,2026-10-21,EPIRICE_BLB_source2023_guide_v1,2026-10-08T06:53:53.563342+08:00,False
C0H990,昆陽,2026-09-19,24.121322,121.273642,0.0027245267,0.0,0.08,5.7190803e-09,0.001300000003539,0.0003390948,0.0,0.0,0.0005002184238976,48.0,10.979166666666666,67.58333333333333,0.6,0.0,0.0,0.487,0.0,1998.126685914605,0.0,1.0,0.0,0.0,0.0,1.0,0.9994997815761024,0.0005002184238976,0.0321889109672002,0.0279197692383111,1999.126685914605,74.98428172739808,19.98126685914605,360.8275821477341,0.0,0.0,262.0,南投縣,二期作,C0H990_2026_2,2026-08-03,2026-11-10,2026-10-21,EPIRICE_BLB_source2023_guide_v1,2026-10-08T06:53:53.563342+08:00,False
C0H990,昆陽,2026-09-20,24.121322,121.273642,0.0027657817,0.0,0.07,7.4448447e-09,0.0015000000130385,0.0003298774,0.0,0.0,0.0004868241764961,49.0,10.295833333333333,80.41666666666667,3.0,0.0,0.0,0.4679999999999999,0.0,2053.129700782857,0.0,1.0,0.0,0.0,0.0,1.0,0.999513175823504,0.0004868241764961,0.0321889109672002,0.028413290538508,2054.129700782857,73.51938576773924,20.53129700782857,380.80884900688017,0.0,0.0,263.0,南投縣,二期作,C0H990_2026_2,2026-08-03,2026-11-10,2026-10-21,EPIRICE_BLB_source2023_guide_v1,2026-10-08T06:53:53.563342+08:00,False
C0H990,昆陽,2026-09-21,24.121322,121.273642,0.0028865272,0.0,0.08,6.2142815e-09,0.001700000022538,0.0003153795,0.0,0.0,0.0004745819170446,50.0,9.633333333333333,87.58333333333333,3.7,0.0,0.0,0.449,0.0,2106.117789542768,0.0,1.0,0.0,0.0,0.0,1.0,0.9995254180829554,0.0004745819170446,0.0321889109672002,0.0288939935852784,2107.117789542768,71.9293332912125,21.06117789542768,401.3401460147088,0.0,0.0,264.0,南投縣,二期作,C0H990_2026_2,2026-08-03,2026-11-10,2026-10-21,EPIRICE_BLB_source2023_guide_v1,2026-10-08T06:53:53.563342+08:00,False
C0H990,昆陽,2026-09-22,24.121322,121.273642,0.0044271336,0.0,0.07,7.628012e-09,0.001700000022538,0.0003145708,0.0,0.0,0.0004633950477506,51.0,10.170833333333333,76.04166666666667,1.8,0.0,0.0,0.43,0.0,2156.9859449385526,0.0,1.0,0.0,0.0,0.0,1.0,0.9995366049522494,0.0004633950477506,0.0321889109672002,0.029362982067676,2157.9859449385526,70.23780222487403,21.569859449385525,422.4013239101364,0.0,0.0,265.0,南投縣,二期作,C0H990_2026_2,2026-08-03,2026-11-10,2026-10-21,EPIRICE_BLB_source2023_guide_v1,2026-10-08T06:53:53.563342+08:00,False
C0H990,昆陽,2026-09-23,24.121322,121.273642,0.0055988273,0.0,0.08,6.9043984e-09,0.0020000000949949,0.0003111828,0.0,0.0,0.0004531748298034,52.0,10.341666666666669,78.125,1.0,0.0,0.0,0.428,0.0,2205.653887714041,0.0,1.0,0.0,0.0,0.0,1.0,0.9995468251701966,0.0004531748298034,0.0321889109672002,0.0298212670064531,2206.653887714041,68.46805357528606,22.05653887714041,443.97118335952194,0.0,0.0,266.0,南投縣,二期作,C0H990_2026_2,2026-08-03,2026-11-10,2026-10-21,EPIRICE_BLB_source2023_guide_v1,2026-10-08T06:53:53.563342+08:00,False
C0H990,昆陽,2026-09-24,24.121322,121.273642,0.005793316,0.0,0.08,5.1868816e-09,0.002199999988079,0.0003294896,0.0,0.0,0.0004438397566841,53.0,9.545833333333333,80.95833333333333,2.6,0.0,0.0,0.426,0.0,2252.0654024121864,0.0,1.0,0.0,0.0,0.0,1.0,0.999556160243316,0.0004438397566841,0.0321889109672002,0.0302697742996969,2253.0654024121864,66.64245767420692,22.520654024121864,466.0277222366624,0.0,0.0,267.0,南投縣,二期作,C0H990_2026_2,2026-08-03,2026-11-10,2026-10-21,EPIRICE_BLB_source2023_guide_v1,2026-10-08T06:53:53.563342+08:00,False
C0H990,昆陽,2026-09-25,24.121322,121.273642,0.0064229826,0.0,0.08,5.7823244e-09,0.001700000022538,0.0003340085,0.0,0.0,0.0004353149788406,54.0,9.629166666666666,73.25,2.1,0.0,0.0,0.424,0.0,2296.187206062272,0.0,1.0,0.0,0.0,0.0,1.0,0.9995646850211594,0.0004353149788406,0.0321889109672002,0.0307093516674593,2297.187206062272,64.78209959091082,22.961872060622717,488.54837626078427,0.0,0.0,268.0,南投縣,二期作,C0H990_2026_2,2026-08-03,2026-11-10,2026-10-21,EPIRICE_BLB_source2023_guide_v1,2026-10-08T06:53:53.563342+08:00,False
C0H990,昆陽,2026-09-26,24.121322,121.273642,0.003569488,0.0,0.07,5.7471063e-09,0.0006999999750405,0.0003094982,0.0,11.0,0.000427531775076,55.0,8.987499999999999,82.5,2.7,0.0,0.0,0.422,0.0,2338.00743359256,0.0,1.0,0.0,0.0,0.0,1.0,0.999572468224924,0.000427531775076,0.0321889109672002,0.0311407750444176,2339.00743359256,62.9064693915166,23.380074335925595,511.510248321407,0.0,0.0,269.0,南投縣,二期作,C0H990_2026_2,2026-08-03,2026-11-10,2026-10-21,EPIRICE_BLB_source2023_guide_v1,2026-10-08T06:53:53.563342+08:00,False
C0H990,昆陽,2026-09-27,24.121322,121.273642,0.0031745383,0.0,0.06,4.957785e-09,0.0005000000237487,0.0002925054,0.0,0.0,0.0004204270664371,56.0,9.495833333333334,77.91666666666667,0.0,0.0,0.0,0.42,0.0,2377.5338286481506,0.0,1.0,0.0,0.0,0.0,1.0,0.9995795729335628,0.0004204270664371,0.0321889109672002,0.0315647544651742,2378.5338286481506,61.0332378587219,23.775338286481507,534.8903226573326,0.0,0.0,270.0,南投縣,二期作,C0H990_2026_2,2026-08-03,2026-11-10,2026-10-21,EPIRICE_BLB_source2023_guide_v1,2026-10-08T06:53:53.563342+08:00,False
C0H990,昆陽,2026-09-28,24.121322,121.273642,0.0021463935,0.0,0.05,5.9451897e-09,0.0003000000142492,0.0002743066,0.0,0.0,0.0004139429688074,57.0,9.85,69.33333333333333,0.0,0.0,0.0,0.418,0.0,2414.7917282203907,0.0,1.0,0.0,0.0,0.0,1.0,0.9995860570311924,0.0004139429688074,0.0321889109672002,0.0319819394827965,2415.7917282203907,59.17811399673152,25.147917282203903,558.6656609438141,0.0,0.0,271.0,南投縣,二期作,C0H990_2026_2,2026-08-03,2026-11-10,2026-10-21,EPIRICE_BLB_source2023_guide_v1,2026-10-08T06:53:53.563342+08:00,False
C0H990,昆陽,2026-09-29,24.121322,121.273642,0.0017800049,0.0,0.04,4.9067026e-09,0.0003000000142492,0.0002581297,0.0,0.0,0.0,58.0,9.733333333333333,64.45833333333333,0.0,0.0,0.0,0.416,0.0,2448.8219249349186,0.0,0.0,1.0,0.0,0.0,1.0,0.999591807065721,0.0,0.0321889109672002,0.0321889109672002,2449.8219249349186,57.40789118202638,24.488219249349186,583.8135782260181,0.0,0.0,272.0,南投縣,二期作,C0H990_2026_2,2026-08-03,2026-11-10,2026-10-21,EPIRICE_BLB_source2023_guide_v1,2026-10-08T06:53:53.563342+08:00,False
C0H990,昆陽,2026-09-30,24.121322,121.273642,0.0014819681,0.0,0.04,4.148243e-09,0.0003999999898951,0.0002522302,0.0,0.0,0.0,59.0,10.0,79.29166666666667,0.0,0.0,0.0,0.414,0.0,2481.741596867596,0.0,0.0,1.0,0.0,0.0,1.0,0.9995972194604296,0.0,0.0321889109672002,0.0321889109672002,2482.741596867596,55.62656296114106,24.81741596867596,608.3017974753673,0.0,0.0,273.0,南投縣,二期作,C0H990_2026_2,2026-08-03,2026-11-10,2026-10-21,EPIRICE_BLB_source2023_guide_v1,2026-10-08T06:53:53.563342+08:00,False
C0H990,昆陽,2026-10-01,24.121322,121.273642,0.0015113546,0.0,0.05,4.350208e-09,0.0006000000284984,0.0002362939,0.0,0.0,0.0,60.0,10.0625,89.625,7.1,1.0,0.0,0.412,0.0,2512.550743860061,0.0,0.0,1.0,0.0,0.0,1.0,0.9996021564305224,0.0,0.0321889109672002,0.0321889109672002,2513.550743860061,53.8980809105184,25.12550743860061,633.1192134440432,0.0,0.0,274.0,南投縣,二期作,C0H990_2026_2,2026-08-03,2026-11-10,2026-10-21,EPIRICE_BLB_source2023_guide_v1,2026-10-08T06:53:53.563342+08:00,False
C0H990,昆陽,2026-10-02,24.121322,121.273642,0.0011366605,0.0,0.04,4.693283e-09,0.0006999999750405,0.0002174252,0.0,0.0,0.0,61.0,9.833333333333334,89.625,9.7,1.0,0.0,0.41,0.0,2541.3233173319786,0.0,0.0,1.0,0.0,0.0,1.0,0.999606658998412,0.0,0.0321889109672002,0.0321889109672002,2542.3233173319786,52.230284029055845,25.413233173319785,658.2447208826438,0.0,0.0,275.0,南投縣,二期作,C0H990_2026_2,2026-08-03,2026-11-10,2026-10-21,EPIRICE_BLB_source2023_guide_v1,2026-10-08T06:53:53.563342+08:00,False
C0H990,昆陽,2026-10-03,24.121322,121.273642,0.000940016,0.0,0.04,3.9511003e-09,0.0006999999750405,0.0001966422,0.0,0.0,0.0,62.0,9.616666666666667,86.125,2.7,0.0,0.0,0.41,0.0,2568.1403681877146,0.0,0.0,1.0,0.0,0.0,1.0,0.9996107647474688,0.0,0.0321889109672002,0.0321889109672002,2569.1403681877146,50.629252722411536,25.681403681877143,683.6579540559636,0.0,0.0,276.0,南投縣,二期作,C0H990_2026_2,2026-08-03,2026-11-10,2026-10-21,EPIRICE_BLB_source2023_guide_v1,2026-10-08T06:53:53.563342+08:00,False
C0H990,昆陽,2026-10-04,24.121322,121.273642,0.0008262151,0.0,0.04,3.4345566e-09,0.0006000000284984,0.0001775312,0.0,0.0,0.0,63.0,9.875,81.75,0.2,0.0,0.0,0.41,0.0,2593.0882172282486,0.0,0.0,1.0,0.0,0.0,1.0,0.9996145080983142,0.0,0.0321889109672002,0.0321889109672002,2594.0882172282486,49.09945951828721,25.930882172282487,709.3393577378407,0.0,0.0,277.0,南投縣,二期作,C0H990_2026_2,2026-08-03,2026-11-10,2026-10-21,EPIRICE_BLB_source2023_guide_v1,2026-10-08T06:53:53.563342+08:00,False
C0H990,昆陽,2026-10-05,24.121322,121.273642,0.00079982483,0.0,0.04,3.4014063e-09,0.0006000000284984,0.000171183,0.0,0.0,0.0,64.0,8.933333333333334,87.58333333333333,6.4,1.0,0.0,0.41,0.0,2616.256794574253,0.0,0.0,1.0,0.0,0.0,1.0,0.9996179205639764,0.0,0.0321889109672002,0.0321889109672002,2617.256794574253,47.64393345897153,26.16256794574253,735.2702399101232,0.0,0.0,278.0,南投縣,二期作,C0H990_2026_2,2026-08-03,2026-11-10,2026-10-21,EPIRICE_BLB_source2023_guide_v1,2026-10-08T06:53:53.563342+08:00,False
C0H990,昆陽,2026-10-06,24.121322,121.273642,0.0009953242,0.0,0.04,3.786157e-09,0.0005000000237487,0.0001756784,0.0,0.0,0.0,65.0,8.408333333333333,94.875,11.6,1.0,0.0,0.41,0.0,2637.7381600874824,0.0,0.0,1.0,0.0,0.0,1.0,0.9996210309855196,0.0,0.0321889109672002,0.0321889109672002,2638.7381600874824,46.26443040431747,26.377381600874823,761.4328078558658,0.0,0.0,279.0,南投縣,二期作,C0H990_2026_2,2026-08-03,2026-11-10,2026-10-21,EPIRICE_BLB_source2023_guide_v1,2026-10-08T06:53:53.563342+08:00,False
C0H990,昆陽,2026-10-07,24.121322,121.273642,0.001388409,0.0,0.04,6.213357e-09,0.0003999999898951,0.0001768341,0.0,0.0,0.0,66.0,9.808333333333334,91.41666666666669,5.1,1.0,0.0,0.41,0.0,2657.625208890925,0.0,0.0,1.0,0.0,0.0,1.0,0.9996238657496154,0.0,0.0321889109672002,0.0321889109672002,2658.625208890925,44.961602884673,26.57625208890925,787.8101894567407,0.0,0.0,280.0,南投縣,二期作,C0H990_2026_2,2026-08-03,2026-11-10,2026-10-21,EPIRICE_BLB_source2023_guide_v1,2026-10-08T06:53:53.563342+08:00,False
C0H990,昆陽,2026-10-08,24.121322,121.273642,0.0015604398,0.0,0.04,6.391727e-09,0.0005000000237487,0.00017925,0.0,0.0,0.0,67.0,9.6625,92.75,3.6,1.0,0.0,0.41,0.0,2676.010559686689,0.0,0.0,1.0,0.0,0.0,1.0,0.9996264489893842,0.0,0.0321889109672002,0.0321889109672002,2677.010559686689,43.73516452759539,26.76010559686689,814.3864415456499,0.0,0.0,281.0,南投縣,二期作,C0H990_2026_2,2026-08-03,2026-11-10,2026-10-21,EPIRICE_BLB_source2023_guide_v1,2026-10-08T06:53:53.563342+08:00,False
C0H990,昆陽,2026-10-09,24.121322,121.273642,0.0015384314,0.0,0.05,5.70136e-09,0.0003999999898951,0.0001764651,0.0,0.0,0.0,68.0,10.391666666666667,87.5,1.5,0.0,0.0,0.41,0.0,2692.985618617417,0.0,0.0,1.0,0.0,0.0,1.0,0.9996288027697366,0.0,0.0321889109672002,0.0321889109672002,2693.985618617417,42.58404537115266,26.92985618617417,841.1465471425167,0.0,0.0,282.0,南投縣,二期作,C0H990_2026_2,2026-08-03,2026-11-10,2026-10-21,EPIRICE_BLB_source2023_guide_v1,2026-10-08T06:53:53.563342+08:00,True
C0H990,昆陽,2026-10-10,24.121322,121.273642,0.0011963613,0.0,0.05,6.6335657e-09,0.0003999999898951,0.0001812073,0.0,0.0,0.0,69.0,10.895833333333334,83.95833333333333,1.2000000000000002,0.0,0.0,0.41,0.0,2708.639807802396,0.0,0.0,1.0,0.0,0.0,1.0,0.9996309472583328,0.0,0.0321889109672002,0.0321889109672002,2709.639807802396,41.50653552337706,27.086398078023954,868.076403328691,0.0,0.0,283.0,南投縣,二期作,C0H990_2026_2,2026-08-03,2026-11-10,2026-10-21,EPIRICE_BLB_source2023_guide_v1,2026-10-08T06:53:53.563342+08:00,True
C0H990,昆陽,2026-10-11,24.121322,121.273642,0.0011099423,0.0,0.05,9.76425e-09,0.0003000000142492,0.000156502,0.0,0.0,0.0,70.0,11.116666666666667,83.20833333333333,1.2000000000000002,0.0,0.0,0.41,0.0,2723.059945247748,0.0,0.0,1.0,0.0,0.0,1.0,0.999632900883204,0.0,0.0321889109672002,0.0321889109672002,2724.059945247748,40.5004156073399,27.23059945247748,895.162801406715,0.0,0.0,284.0,南投縣,二期作,C0H990_2026_2,2026-08-03,2026-11-10,2026-10-21,EPIRICE_BLB_source2023_guide_v1,2026-10-08T06:53:53.563342+08:00,True
C0H990,昆陽,2026-10-12,24.121322,121.273642,0.0012596787,,0.05,1.3830075e-08,0.0006000000284984,0.0001387481,0.0,0.0,0.0,71.0,11.108333333333334,80.125,1.2000000000000002,0.0,0.0,0.41,0.0,2736.3297614026105,0.0,0.0,1.0,0.0,0.0,1.0,0.9996346804779972,0.0,0.0321889109672002,0.0321889109672002,2737.3297614026105,39.56307323716513,27.363297614026106,922.3934008591924,0.0,0.0,285.0,南投縣,二期作,C0H990_2026_2,2026-08-03,2026-11-10,2026-10-21,EPIRICE_BLB_source2023_guide_v1,2026-10-08T06:53:53.563342+08:00,True
C0H990,昆陽,2026-10-13,24.121322,121.273642,0.0011862806,,0.05,1.30332545e-08,0.0006000000284984,0.0001372681,0.0,0.0,0.0,72.0,11.091666666666669,77.45833333333333,0.0,0.0,0.0,0.41,0.0,2748.529537025749,0.0,0.0,1.0,0.0,0.0,1.0,0.999636301415739,0.0,0.0321889109672002,0.0321889109672002,2749.529537025749,38.69160540757475,27.485295370257496,949.7566984732184,0.0,0.0,286.0,南投縣,二期作,C0H990_2026_2,2026-08-03,2026-11-10,2026-10-21,EPIRICE_BLB_source2023_guide_v1,2026-10-08T06:53:53.563342+08:00,True
C0H990,昆陽,2026-10-14,24.121322,121.273642,0.0009912947,,0.05,1.1834116e-08,0.0006999999750405,0.0001411713,0.3,0.0,0.0,73.0,10.65,77.70833333333333,0.6000000000000001,0.0,0.0,0.41,0.0,2759.7358470630666,0.0,0.0,1.0,0.0,0.0,1.0,0.9996377777319536,0.0,0.0321889109672002,0.0321889109672002,2760.7358470630666,37.882907162182775,27.597358470630667,977.241993843476,0.0,0.0,287.0,南投縣,二期作,C0H990_2026_2,2026-08-03,2026-11-10,2026-10-21,EPIRICE_BLB_source2023_guide_v1,2026-10-08T06:53:53.563342+08:00,True
C0H990,昆陽,2026-10-15,24.121322,121.273642,0.0008992506,,0.06,1.0106726e-08,0.0006000000284984,0.0001398006,0.3,0.0,0.0,74.0,10.441666666666666,84.75,0.6000000000000001,0.0,0.0,0.41,0.0,2770.0213957546184,0.0,0.0,1.0,0.0,0.0,1.0,0.9996391222379112,0.0,0.0321889109672002,0.0321889109672002,2771.0213957546184,37.13374725252063,27.700213957546183,1004.8393523141068,0.0,0.0,288.0,南投縣,二期作,C0H990_2026_2,2026-08-03,2026-11-10,2026-10-21,EPIRICE_BLB_source2023_guide_v1,2026-10-08T06:53:53.563342+08:00,True
C0H990,昆陽,2026-10-16,24.121322,121.273642,0.00089550257,,0.06,1.0281129e-08,0.0005000000237487,0.0001335872,0.3,0.0,0.0,75.0,11.279166666666669,83.20833333333333,1.2000000000000002,0.0,0.0,0.41,0.0,2779.454929049593,0.0,0.0,1.0,0.0,0.0,1.0,0.9996403466247368,0.0,0.0321889109672002,0.0321889109672002,2780.454929049593,36.44083173161158,27.79454929049593,1032.5395662716528,0.0,0.0,289.0,南投縣,二期作,C0H990_2026_2,2026-08-03,2026-11-10,2026-10-21,EPIRICE_BLB_source2023_guide_v1,2026-10-08T06:53:53.563342+08:00,True
C0H990,昆陽,2026-10-17,24.121322,121.273642,0.0008029141,,0.06,9.580764e-09,0.0003999999898951,0.0001290864,0.3,,0.0,76.0,11.495833333333332,79.0,0.0,0.0,0.0,0.41,0.0,2788.1012114907085,0.0,0.0,1.0,0.0,0.0,1.0,0.9996414615590572,0.0,0.0321889109672002,0.0321889109672002,2789.1012114907085,35.80085656383813,27.881012114907087,1060.3341155621488,0.0,0.0,290.0,南投縣,二期作,C0H990_2026_2,2026-08-03,2026-11-10,2026-10-21,EPIRICE_BLB_source2023_guide_v1,2026-10-08T06:53:53.563342+08:00,True
C0H990,昆陽,2026-10-18,24.121322,121.273642,0.00072243763,,0.07,7.3303177e-09,0.0003000000142492,0.0001273081,0.3,,0.0,77.0,11.879166666666668,77.625,0.6000000000000001,0.0,0.0,0.41,0.0,2796.02105593964,0.0,0.0,1.0,0.0,0.0,1.0,0.9996424767708214,0.0,0.0321889109672002,0.0321889109672002,2797.02105593964,35.210550396659066,27.9602105593964,1088.2151276770558,0.0,0.0,291.0,南投縣,二期作,C0H990_2026_2,2026-08-03,2026-11-10,2026-10-21,EPIRICE_BLB_source2023_guide_v1,2026-10-08T06:53:53.563342+08:00,True
C0H990,昆陽,2026-10-19,24.121322,121.273642,0.0006221004,,0.06,6.814296e-09,0.0003000000142492,0.000128737,0.3,,0.0,78.0,12.1625,79.75,1.8,0.0,0.0,0.41,0.0,2803.2713957769024,0.0,0.0,1.0,0.0,0.0,1.0,0.9996434011338896,0.0,0.0321889109672002,0.0321889109672002,2804.2713957769024,34.66670864716651,28.032713957769023,1116.1753382364525,0.0,0.0,292.0,南投縣,二期作,C0H990_2026_2,2026-08-03,2026-11-10,2026-10-21,EPIRICE_BLB_source2023_guide_v1,2026-10-08T06:53:53.563342+08:00,True
C0H990,昆陽,2026-10-20,24.121322,121.273642,0.00062414067,,0.06,6.9578467e-09,0.0003000000142492,0.0001272505,0.0,,0.0,79.0,12.275,77.91666666666667,0.0,0.0,0.0,0.41,0.0,2809.9053904663,0.0,0.0,1.0,0.0,0.0,1.0,0.99964424273994,0.0,0.0321889109672002,0.0321889109672002,2810.9053904663,34.166220022816375,28.099053904663,1144.2080521942212,0.0,0.0,293.0,南投縣,二期作,C0H990_2026_2,2026-08-03,2026-11-10,2026-10-21,EPIRICE_BLB_source2023_guide_v1,2026-10-08T06:53:53.563342+08:00,True
C0H990,昆陽,2026-10-21,24.121322,121.273642,0.00080633943,,0.07,7.035689e-09,0.0003000000142492,0.0001253025,0.0,,0.0,80.0,12.245833333333332,77.83333333333333,0.0,0.0,0.0,0.41,0.0,2815.9725565844537,0.0,0.0,1.0,0.0,0.0,1.0,0.9996450089662172,0.0,0.0321889109672002,0.0321889109672002,2816.9725565844537,33.706086533652595,28.15972556584454,1172.307106098884,0.0,0.0,294.0,南投縣,二期作,C0H990_2026_2,2026-08-03,2026-11-10,2026-10-21,EPIRICE_BLB_source2023_guide_v1,2026-10-08T06:53:53.563342+08:00,True
C0H990,昆陽,2026-10-22,24.121322,121.273642,0.0010039265,,0.08,6.5324035e-09,0.0003999999898951,0.0001263736,0.3,,,,,,,,,,,,,,,,,,,,,,,,,,,,,,,,,,,,,
C0H990,昆陽,2026-10-23,24.121322,121.273642,0.0011754575,,0.06,6.0466387e-09,0.0003999999898951,0.0001284491,0.3,,,,,,,,,,,,,,,,,,,,,,,,,,,,,,,,,,,,,
C0H990,昆陽,2026-10-24,24.121322,121.273642,0.0011247371,,0.05,6.0631304e-09,0.0003999999898951,0.0001308574,0.0,,,,,,,,,,,,,,,,,,,,,,,,,,,,,,,,,,,,,
C0H990,昆陽,2026-10-25,24.121322,121.273642,0.0011214729,,0.05,5.4023372e-09,0.0003,0.0001345901,0.0,,,,,,,,,,,,,,,,,,,,,,,,,,,,,,,,,,,,,
C0H990,昆陽,2026-10-26,24.121322,121.273642,,,0.05,5.1710964e-09,,,0.0,,,,,,,,,,,,,,,,,,,,,,,,,,,,,,,,,,,,,
C0H990,昆陽,2026-10-27,24.121322,121.273642,,,,,,,0.3,,,,,,,,,,,,,,,,,,,,,,,,,,,,,,,,,,,,,
