站號,站名,日期,lat,lon,BlastGRU-TW,BlastDT2,BlastLSTLS,BLBTSLS,BlastTF,BlastGAT,BLASTAM,EPIRICE_BLB,EPIRICE_BLB_simday,EPIRICE_BLB_TEMP,EPIRICE_BLB_RHUM,EPIRICE_BLB_RAIN,EPIRICE_BLB_RcW,EPIRICE_BLB_RcT,EPIRICE_BLB_RcA,EPIRICE_BLB_Rc,EPIRICE_BLB_healthy_sites,EPIRICE_BLB_latent,EPIRICE_BLB_infectious,EPIRICE_BLB_removed,EPIRICE_BLB_rateinf_new_infections,EPIRICE_BLB_rtransfer_L_to_I,EPIRICE_BLB_diseased_total,EPIRICE_BLB_healthy_fraction_C,EPIRICE_BLB_intensity_active,EPIRICE_BLB_AUDPC,EPIRICE_BLB_AUDPC_cumulative,EPIRICE_BLB_total_sites,EPIRICE_BLB_growth_new_sites,EPIRICE_BLB_senescence_sites_rate,EPIRICE_BLB_senesced_total,EPIRICE_BLB_latent_cohort_entries,EPIRICE_BLB_infectious_cohort_entries,EPIRICE_BLB_DOY,EPIRICE_BLB_county,EPIRICE_BLB_season,EPIRICE_BLB_scenario_id,EPIRICE_BLB_transplant_date,EPIRICE_BLB_harvest_date,EPIRICE_BLB_simulation_end_date,EPIRICE_BLB_model_version,EPIRICE_BLB_generated_at,EPIRICE_BLB_is_forecast,planthopper
C1F941,雪嶺,2026-09-09,24.280586,121.026642,0.019467682,,0.81,2.8187209e-08,0.132200002670288,0.0068359873,0.3,0.0006934319039389,39.0,11.225,91.125,4.6,1.0,0.0,0.6759999999999999,0.0,1441.102669807459,0.0,1.0,0.0,0.0,0.0,1.0,0.9993065680960612,0.0006934319039389,0.0321889109672002,0.0226613765210777,1442.102669807459,79.16595424337109,14.411026698074592,208.25144035302964,0.0,0.0,252.0,臺中市,二期作,C1F941_2026_2,2026-08-02,2026-11-03,2026-10-22,EPIRICE_BLB_source2023_guide_v1,2026-10-09T05:26:22.799901+08:00,False,0.0
C1F941,雪嶺,2026-09-10,24.280586,121.026642,0.031014973,,0.89,2.7087529e-08,0.1138999983668327,0.0065399716,0.0,0.0006636327160289,40.0,12.633333333333333,86.875,1.6,0.0,0.0,0.6479999999999999,0.0,1505.8575973527554,0.0,1.0,0.0,0.0,0.0,1.0,0.9993363672839712,0.0006636327160289,0.0321889109672002,0.0233399088310616,1506.8575973527554,79.67597970082662,15.058575973527557,222.66246705110424,0.0,0.0,253.0,臺中市,二期作,C1F941_2026_2,2026-08-02,2026-11-03,2026-10-23,EPIRICE_BLB_source2023_guide_v1,2026-10-10T04:57:08.997127+08:00,False,0.0
C1F941,雪嶺,2026-09-11,24.280586,121.026642,0.04961671,,0.92,1.3230319e-08,0.1020999997854232,0.0067097782,0.0,0.0006363448348288,41.0,13.991666666666667,88.83333333333333,2.9,0.0,0.0,0.62,0.0,1570.4750010800549,0.0,1.0,0.0,0.0,0.0,1.0,0.9993636551651712,0.0006363448348288,0.0321889109672002,0.0239898976064905,1571.4750010800549,79.92368123242804,15.704750010800549,237.72104302463177,0.0,0.0,254.0,臺中市,二期作,C1F941_2026_2,2026-08-02,2026-11-03,2026-10-23,EPIRICE_BLB_source2023_guide_v1,2026-10-10T04:57:08.997127+08:00,False,0.0
C1F941,雪嶺,2026-09-12,24.280586,121.026642,0.05611208,,0.93,1.3350627e-08,0.1336999982595443,0.0059346128,0.3,0.0006113613190414,42.0,14.3875,88.125,3.2,0.0,0.0,0.601,0.0,1634.693932301682,0.0,1.0,0.0,0.0,0.0,1.0,0.9993886386809586,0.0006113613190414,0.0321889109672002,0.0246137506834257,1635.693932301682,79.91130116028577,16.34693932301682,253.42579303543232,0.0,0.0,255.0,臺中市,二期作,C1F941_2026_2,2026-08-02,2026-11-03,2026-10-23,EPIRICE_BLB_source2023_guide_v1,2026-10-10T04:57:08.997127+08:00,False,0.0
C1F941,雪嶺,2026-09-13,24.280586,121.026642,0.06776152,,0.94,8.765816e-09,0.0653000026941299,0.0052314242,0.0,0.000588492051767,43.0,13.695833333333333,82.20833333333333,1.6,0.0,0.0,0.582,0.0,1698.258294138951,0.0,1.0,0.0,0.0,0.0,1.0,0.999411507948233,0.000588492051767,0.0321889109672002,0.0252136773688299,1699.258294138951,79.6452202918364,16.98258294138951,269.7727323584492,0.0,0.0,256.0,臺中市,二期作,C1F941_2026_2,2026-08-02,2026-11-03,2026-10-23,EPIRICE_BLB_source2023_guide_v1,2026-10-10T04:57:08.997127+08:00,False,0.0
C1F941,雪嶺,2026-09-14,24.280586,121.026642,0.06570364,,0.94,1.39663285e-08,0.0615999996662139,0.0046652844,0.3,0.0005675623588594,44.0,12.995833333333332,77.875,1.9,0.0,0.0,0.563,0.0,1760.920931489398,0.0,1.0,0.0,0.0,0.0,1.0,0.9994324376411404,0.0005675623588594,0.0321889109672002,0.0257917045741432,1761.920931489398,79.13573540240924,17.60920931489398,286.7553152998387,0.0,0.0,257.0,臺中市,二期作,C1F941_2026_2,2026-08-02,2026-11-03,2026-10-23,EPIRICE_BLB_source2023_guide_v1,2026-10-10T04:57:08.997127+08:00,False,0.0
C1F941,雪嶺,2026-09-15,24.280586,121.026642,0.043343887,,0.96,8.590336e-09,0.095499999821186,0.0045788214,0.0,0.0005484117438343,45.0,13.2125,82.70833333333333,2.2,0.0,0.0,0.544,0.0,1822.4474575769127,0.0,1.0,0.0,0.0,0.0,1.0,0.9994515882561656,0.0005484117438343,0.0321889109672002,0.0263496916254901,1823.4474575769127,78.39670878624972,18.224474575769133,304.36452461473266,0.0,0.0,258.0,臺中市,二期作,C1F941_2026_2,2026-08-02,2026-11-03,2026-10-23,EPIRICE_BLB_source2023_guide_v1,2026-10-10T04:57:08.997127+08:00,False,0.0
C1F941,雪嶺,2026-09-16,24.280586,121.026642,0.0075262473,,0.97,7.671887e-09,0.0361000001430511,0.0043678344,0.3,0.0005308927297585,46.0,12.529166666666669,88.25,6.3,1.0,0.0,0.525,0.0,1882.6196917873935,0.0,1.0,0.0,0.0,0.0,1.0,0.9994691072702414,0.0005308927297585,0.0321889109672002,0.0268893438622865,1883.6196917873935,77.44510906631909,18.82619691787394,322.5889991905018,0.0,0.0,259.0,臺中市,二期作,C1F941_2026_2,2026-08-02,2026-11-03,2026-10-23,EPIRICE_BLB_source2023_guide_v1,2026-10-10T04:57:08.997127+08:00,False,0.0
C1F941,雪嶺,2026-09-17,24.280586,121.026642,0.006034023,,0.97,9.579667e-09,0.0215000007301569,0.0043748138,0.0,0.0005148697991964,47.0,12.6625,88.95833333333333,5.5,1.0,0.0,0.506,0.0,1941.238603935839,0.0,1.0,0.0,0.0,0.0,1.0,0.9994851302008037,0.0005148697991964,0.0321889109672002,0.027412225126764,1942.238603935839,76.30046801812449,19.41238603935839,341.4151961083757,0.0,0.0,260.0,臺中市,二期作,C1F941_2026_2,2026-08-02,2026-11-03,2026-10-23,EPIRICE_BLB_source2023_guide_v1,2026-10-10T04:57:08.997127+08:00,False,0.0
C1F941,雪嶺,2026-09-18,24.280586,121.026642,0.0079365345,,0.98,8.5169525e-09,0.0247000008821487,0.0043004211,0.3,0.0005002184238976,48.0,12.9125,84.58333333333333,3.8,0.0,0.0,0.487,0.0,1998.126685914605,0.0,1.0,0.0,0.0,0.0,1.0,0.9994997815761024,0.0005002184238976,0.0321889109672002,0.0279197692383111,1999.126685914605,74.98428172739808,19.98126685914605,360.8275821477341,0.0,0.0,261.0,臺中市,二期作,C1F941_2026_2,2026-08-02,2026-11-03,2026-10-23,EPIRICE_BLB_source2023_guide_v1,2026-10-10T04:57:08.997127+08:00,False,0.0
C1F941,雪嶺,2026-09-19,24.280586,121.026642,0.011924019,,0.98,4.249346e-09,0.025399999693036,0.0044632307,0.0,0.0004868241764961,49.0,13.091666666666669,79.5,2.5,0.0,0.0,0.4679999999999999,0.0,2053.129700782857,0.0,1.0,0.0,0.0,0.0,1.0,0.999513175823504,0.0004868241764961,0.0321889109672002,0.028413290538508,2054.129700782857,73.51938576773924,20.53129700782857,380.80884900688017,0.0,0.0,262.0,臺中市,二期作,C1F941_2026_2,2026-08-02,2026-11-03,2026-10-23,EPIRICE_BLB_source2023_guide_v1,2026-10-10T04:57:08.997127+08:00,False,0.0
C1F941,雪嶺,2026-09-20,24.280586,121.026642,0.020748854,,0.98,4.72271e-09,0.0285999998450279,0.0043104617,0.0,0.0004745819170446,50.0,13.3,82.83333333333333,4.8,0.0,0.0,0.449,0.0,2106.117789542768,0.0,1.0,0.0,0.0,0.0,1.0,0.9995254180829554,0.0004745819170446,0.0321889109672002,0.0288939935852784,2107.117789542768,71.9293332912125,21.06117789542768,401.3401460147088,0.0,0.0,263.0,臺中市,二期作,C1F941_2026_2,2026-08-02,2026-11-03,2026-10-23,EPIRICE_BLB_source2023_guide_v1,2026-10-10T04:57:08.997127+08:00,False,0.0
C1F941,雪嶺,2026-09-21,24.280586,121.026642,0.03329201,,0.98,4.02773e-09,0.0236000008881092,0.0040011615,0.0,0.0004633950477506,51.0,12.129166666666668,91.20833333333331,7.1,1.0,0.0,0.43,0.0,2156.9859449385526,0.0,1.0,0.0,0.0,0.0,1.0,0.9995366049522494,0.0004633950477506,0.0321889109672002,0.029362982067676,2157.9859449385526,70.23780222487403,21.569859449385525,422.4013239101364,0.0,0.0,264.0,臺中市,二期作,C1F941_2026_2,2026-08-02,2026-11-03,2026-10-23,EPIRICE_BLB_source2023_guide_v1,2026-10-10T04:57:08.997127+08:00,False,0.0
C1F941,雪嶺,2026-09-22,24.280586,121.026642,0.06139436,,0.98,3.474333e-09,0.0288999993354082,0.0038852512,0.0,0.0004531748298034,52.0,12.145833333333334,84.25,4.5,0.0,0.0,0.428,0.0,2205.653887714041,0.0,1.0,0.0,0.0,0.0,1.0,0.9995468251701966,0.0004531748298034,0.0321889109672002,0.0298212670064531,2206.653887714041,68.46805357528606,22.05653887714041,443.97118335952194,0.0,0.0,265.0,臺中市,二期作,C1F941_2026_2,2026-08-02,2026-11-03,2026-10-23,EPIRICE_BLB_source2023_guide_v1,2026-10-10T04:57:08.997127+08:00,False,0.0
C1F941,雪嶺,2026-09-23,24.280586,121.026642,0.06356105,,0.88,3.795296e-09,0.0340000018477439,0.0036568935,0.0,0.0004438397566841,53.0,11.9375,88.29166666666667,3.1,0.0,0.0,0.426,0.0,2252.0654024121864,0.0,1.0,0.0,0.0,0.0,1.0,0.999556160243316,0.0004438397566841,0.0321889109672002,0.0302697742996969,2253.0654024121864,66.64245767420692,22.520654024121864,466.0277222366624,0.0,0.0,266.0,臺中市,二期作,C1F941_2026_2,2026-08-02,2026-11-03,2026-10-23,EPIRICE_BLB_source2023_guide_v1,2026-10-10T04:57:08.997127+08:00,False,0.0
C1F941,雪嶺,2026-09-24,24.280586,121.026642,0.050111208,,0.83,3.3299723e-09,0.0419999994337558,0.003468483,0.0,0.0004353149788406,54.0,11.6125,87.45833333333333,8.2,1.0,0.0,0.424,0.0,2296.187206062272,0.0,1.0,0.0,0.0,0.0,1.0,0.9995646850211594,0.0004353149788406,0.0321889109672002,0.0307093516674593,2297.187206062272,64.78209959091082,22.961872060622717,488.54837626078427,0.0,0.0,267.0,臺中市,二期作,C1F941_2026_2,2026-08-02,2026-11-03,2026-10-23,EPIRICE_BLB_source2023_guide_v1,2026-10-10T04:57:08.997127+08:00,False,0.0
C1F941,雪嶺,2026-09-25,24.280586,121.026642,0.031495295,,0.57,3.3179202e-09,0.0449000000953674,0.0034543113,0.0,0.000427531775076,55.0,11.895833333333334,80.95833333333333,3.4000000000000004,0.0,0.0,0.422,0.0,2338.00743359256,0.0,1.0,0.0,0.0,0.0,1.0,0.999572468224924,0.000427531775076,0.0321889109672002,0.0311407750444176,2339.00743359256,62.9064693915166,23.380074335925595,511.510248321407,0.0,0.0,268.0,臺中市,二期作,C1F941_2026_2,2026-08-02,2026-11-03,2026-10-23,EPIRICE_BLB_source2023_guide_v1,2026-10-10T04:57:08.997127+08:00,False,0.0
C1F941,雪嶺,2026-09-26,24.280586,121.026642,0.007275492,,0.32,3.6850014e-09,0.0070000002160668,0.0032670938,0.0,0.0004204270664371,56.0,11.616666666666667,87.5,3.9,0.0,0.0,0.42,0.0,2377.5338286481506,0.0,1.0,0.0,0.0,0.0,1.0,0.9995795729335628,0.0004204270664371,0.0321889109672002,0.0315647544651742,2378.5338286481506,61.0332378587219,23.775338286481507,534.8903226573326,0.0,0.0,269.0,臺中市,二期作,C1F941_2026_2,2026-08-02,2026-11-03,2026-10-23,EPIRICE_BLB_source2023_guide_v1,2026-10-10T04:57:08.997127+08:00,False,0.0
C1F941,雪嶺,2026-09-27,24.280586,121.026642,0.007514058,,0.05,3.05867e-09,0.0066999997943639,0.0033120541,0.0,0.0004139429688074,57.0,12.404166666666669,84.91666666666667,0.3,0.0,0.0,0.418,0.0,2414.7917282203907,0.0,1.0,0.0,0.0,0.0,1.0,0.9995860570311924,0.0004139429688074,0.0321889109672002,0.0319819394827965,2415.7917282203907,59.17811399673152,25.147917282203903,558.6656609438141,0.0,0.0,270.0,臺中市,二期作,C1F941_2026_2,2026-08-02,2026-11-03,2026-10-23,EPIRICE_BLB_source2023_guide_v1,2026-10-10T04:57:08.997127+08:00,False,0.0
C1F941,雪嶺,2026-09-28,24.280586,121.026642,0.007759658,,0.05,3.970902e-09,0.0055999998003244,0.0029119016,0.0,0.0,58.0,12.716666666666669,70.83333333333333,0.0,0.0,0.0,0.416,0.0,2448.8219249349186,0.0,0.0,1.0,0.0,0.0,1.0,0.999591807065721,0.0,0.0321889109672002,0.0321889109672002,2449.8219249349186,57.40789118202638,24.488219249349186,583.8135782260181,0.0,0.0,271.0,臺中市,二期作,C1F941_2026_2,2026-08-02,2026-11-03,2026-10-23,EPIRICE_BLB_source2023_guide_v1,2026-10-10T04:57:08.997127+08:00,False,0.0
C1F941,雪嶺,2026-09-29,24.280586,121.026642,0.0044598104,,0.04,3.5106842e-09,0.0052999998442828,0.0027985093,0.0,0.0,59.0,12.216666666666669,71.75,0.0,0.0,0.0,0.414,0.0,2481.741596867596,0.0,0.0,1.0,0.0,0.0,1.0,0.9995972194604296,0.0,0.0321889109672002,0.0321889109672002,2482.741596867596,55.62656296114106,24.81741596867596,608.3017974753673,0.0,0.0,272.0,臺中市,二期作,C1F941_2026_2,2026-08-02,2026-11-03,2026-10-23,EPIRICE_BLB_source2023_guide_v1,2026-10-10T04:57:08.997127+08:00,False,0.0
C1F941,雪嶺,2026-09-30,24.280586,121.026642,0.002859041,,0.03,3.789314e-09,0.0060999998822808,0.0025838148,0.0,0.0,60.0,12.341666666666669,83.66666666666667,0.5,0.0,0.0,0.412,0.0,2512.550743860061,0.0,0.0,1.0,0.0,0.0,1.0,0.9996021564305224,0.0,0.0321889109672002,0.0321889109672002,2513.550743860061,53.8980809105184,25.12550743860061,633.1192134440432,0.0,0.0,273.0,臺中市,二期作,C1F941_2026_2,2026-08-02,2026-11-03,2026-10-23,EPIRICE_BLB_source2023_guide_v1,2026-10-10T04:57:08.997127+08:00,False,0.0
C1F941,雪嶺,2026-10-01,24.280586,121.026642,0.0026391253,,0.02,4.4825406e-09,0.0077999997884035,0.0023858265,0.0,0.0,61.0,12.2625,93.04166666666669,7.4,1.0,0.0,0.41,0.0,2541.3233173319786,0.0,0.0,1.0,0.0,0.0,1.0,0.999606658998412,0.0,0.0321889109672002,0.0321889109672002,2542.3233173319786,52.230284029055845,25.413233173319785,658.2447208826438,0.0,0.0,274.0,臺中市,二期作,C1F941_2026_2,2026-08-02,2026-11-03,2026-10-23,EPIRICE_BLB_source2023_guide_v1,2026-10-10T04:57:08.997127+08:00,False,0.0
C1F941,雪嶺,2026-10-02,24.280586,121.026642,0.0022138897,,0.01,3.955768e-09,0.0109000001102685,0.0022224351,0.0,0.0,62.0,12.458333333333334,90.16666666666669,8.5,1.0,0.0,0.41,0.0,2568.1403681877146,0.0,0.0,1.0,0.0,0.0,1.0,0.9996107647474688,0.0,0.0321889109672002,0.0321889109672002,2569.1403681877146,50.629252722411536,25.681403681877143,683.6579540559636,0.0,0.0,275.0,臺中市,二期作,C1F941_2026_2,2026-08-02,2026-11-03,2026-10-23,EPIRICE_BLB_source2023_guide_v1,2026-10-10T04:57:08.997127+08:00,False,0.0
C1F941,雪嶺,2026-10-03,24.280586,121.026642,0.0019103943,,0.02,3.5824739e-09,0.0104999998584389,0.002054899,0.0,0.0,63.0,11.8875,89.83333333333333,3.4000000000000004,0.0,0.0,0.41,0.0,2593.0882172282486,0.0,0.0,1.0,0.0,0.0,1.0,0.9996145080983142,0.0,0.0321889109672002,0.0321889109672002,2594.0882172282486,49.09945951828721,25.930882172282487,709.3393577378407,0.0,0.0,276.0,臺中市,二期作,C1F941_2026_2,2026-08-02,2026-11-03,2026-10-23,EPIRICE_BLB_source2023_guide_v1,2026-10-10T04:57:08.997127+08:00,False,0.0
C1F941,雪嶺,2026-10-04,24.280586,121.026642,0.0017225409,,0.02,2.8294334e-09,0.0097000002861022,0.0018611699,0.0,0.0,64.0,12.1375,87.66666666666667,0.7000000000000001,0.0,0.0,0.41,0.0,2616.256794574253,0.0,0.0,1.0,0.0,0.0,1.0,0.9996179205639764,0.0,0.0321889109672002,0.0321889109672002,2617.256794574253,47.64393345897153,26.16256794574253,735.2702399101232,0.0,0.0,277.0,臺中市,二期作,C1F941_2026_2,2026-08-02,2026-11-03,2026-10-23,EPIRICE_BLB_source2023_guide_v1,2026-10-10T04:57:08.997127+08:00,False,0.0
C1F941,雪嶺,2026-10-05,24.280586,121.026642,0.0013562713,,0.02,2.1937518e-09,0.0086000002920627,0.0017783052,0.0,0.0,65.0,11.241666666666667,91.29166666666669,8.7,1.0,0.0,0.41,0.0,2637.7381600874824,0.0,0.0,1.0,0.0,0.0,1.0,0.9996210309855196,0.0,0.0321889109672002,0.0321889109672002,2638.7381600874824,46.26443040431747,26.377381600874823,761.4328078558658,0.0,0.0,278.0,臺中市,二期作,C1F941_2026_2,2026-08-02,2026-11-03,2026-10-23,EPIRICE_BLB_source2023_guide_v1,2026-10-10T04:57:08.997127+08:00,False,0.0
C1F941,雪嶺,2026-10-06,24.280586,121.026642,0.0012906558,,0.03,2.355789e-09,0.0076999999582767,0.0017198896,0.0,0.0,66.0,10.795833333333334,96.79166666666669,18.0,1.0,0.0,0.41,0.0,2657.625208890925,0.0,0.0,1.0,0.0,0.0,1.0,0.9996238657496154,0.0,0.0321889109672002,0.0321889109672002,2658.625208890925,44.961602884673,26.57625208890925,787.8101894567407,0.0,0.0,279.0,臺中市,二期作,C1F941_2026_2,2026-08-02,2026-11-03,2026-10-23,EPIRICE_BLB_source2023_guide_v1,2026-10-10T04:57:08.997127+08:00,False,0.0
C1F941,雪嶺,2026-10-07,24.280586,121.026642,0.0019184741,,0.02,5.114069e-09,0.006000000052154,0.0016872751,0.0,0.0,67.0,10.925,94.33333333333331,3.8,1.0,0.0,0.41,0.0,2676.010559686689,0.0,0.0,1.0,0.0,0.0,1.0,0.9996264489893842,0.0,0.0321889109672002,0.0321889109672002,2677.010559686689,43.73516452759539,26.76010559686689,814.3864415456499,0.0,0.0,280.0,臺中市,二期作,C1F941_2026_2,2026-08-02,2026-11-03,2026-10-23,EPIRICE_BLB_source2023_guide_v1,2026-10-10T04:57:08.997127+08:00,False,0.0
C1F941,雪嶺,2026-10-08,24.280586,121.026642,0.0026945819,,0.02,5.7017404e-09,0.0052999998442828,0.00166242,0.0,0.0,68.0,11.245833333333332,95.58333333333331,3.1,1.0,0.0,0.41,0.0,2692.985618617417,0.0,0.0,1.0,0.0,0.0,1.0,0.9996288027697366,0.0,0.0321889109672002,0.0321889109672002,2693.985618617417,42.58404537115266,26.92985618617417,841.1465471425167,0.0,0.0,281.0,臺中市,二期作,C1F941_2026_2,2026-08-02,2026-11-03,2026-10-23,EPIRICE_BLB_source2023_guide_v1,2026-10-10T04:57:08.997127+08:00,False,0.0
C1F941,雪嶺,2026-10-09,24.280586,121.026642,0.002563129,,0.02,3.967707e-09,0.0057999999262392,0.0015907298,0.0,0.0,69.0,12.720833333333331,84.58333333333333,2.1,0.0,0.0,0.41,0.0,2708.639807802396,0.0,0.0,1.0,0.0,0.0,1.0,0.9996309472583328,0.0,0.0321889109672002,0.0321889109672002,2709.639807802396,41.50653552337706,27.086398078023954,868.076403328691,0.0,0.0,282.0,臺中市,二期作,C1F941_2026_2,2026-08-02,2026-11-03,2026-10-23,EPIRICE_BLB_source2023_guide_v1,2026-10-10T04:57:08.997127+08:00,False,0.0
C1F941,雪嶺,2026-10-10,24.280586,121.026642,0.00216683,,0.02,4.5111452e-09,0.0049000000581145,0.0015532256,0.0,0.0,70.0,13.279166666666669,78.625,0.0,0.0,0.0,0.41,0.0,2723.059945247748,0.0,0.0,1.0,0.0,0.0,1.0,0.999632900883204,0.0,0.0321889109672002,0.0321889109672002,2724.059945247748,40.5004156073399,27.23059945247748,895.162801406715,0.0,0.0,283.0,臺中市,二期作,C1F941_2026_2,2026-08-02,2026-11-03,2026-10-23,EPIRICE_BLB_source2023_guide_v1,2026-10-10T04:57:08.997127+08:00,False,0.0
C1F941,雪嶺,2026-10-11,24.280586,121.026642,0.0019793964,,0.02,6.513207e-09,0.0041999998502433,0.0014450675,0.3,0.0,71.0,13.55,75.125,0.0,0.0,0.0,0.41,0.0,2736.3297614026105,0.0,0.0,1.0,0.0,0.0,1.0,0.9996346804779972,0.0,0.0321889109672002,0.0321889109672002,2737.3297614026105,39.56307323716513,27.363297614026106,922.3934008591924,0.0,0.0,284.0,臺中市,二期作,C1F941_2026_2,2026-08-02,2026-11-03,2026-10-23,EPIRICE_BLB_source2023_guide_v1,2026-10-10T04:57:08.997127+08:00,True,0.0
C1F941,雪嶺,2026-10-12,24.280586,121.026642,0.0027624564,,0.02,8.01129e-09,0.0038999998942017,0.0012909023,0.0,0.0,72.0,13.008333333333333,71.41666666666667,0.0,0.0,0.0,0.41,0.0,2748.529537025749,0.0,0.0,1.0,0.0,0.0,1.0,0.999636301415739,0.0,0.0321889109672002,0.0321889109672002,2749.529537025749,38.69160540757475,27.485295370257496,949.7566984732184,0.0,0.0,285.0,臺中市,二期作,C1F941_2026_2,2026-08-02,2026-11-03,2026-10-23,EPIRICE_BLB_source2023_guide_v1,2026-10-10T04:57:08.997127+08:00,True,0.0
C1F941,雪嶺,2026-10-13,24.280586,121.026642,0.0029217878,,0.02,7.976344e-09,0.0032999999821186,0.0011965636,0.0,0.0,73.0,12.820833333333333,67.70833333333333,0.0,0.0,0.0,0.41,0.0,2759.7358470630666,0.0,0.0,1.0,0.0,0.0,1.0,0.9996377777319536,0.0,0.0321889109672002,0.0321889109672002,2760.7358470630666,37.882907162182775,27.597358470630667,977.241993843476,0.0,0.0,286.0,臺中市,二期作,C1F941_2026_2,2026-08-02,2026-11-03,2026-10-23,EPIRICE_BLB_source2023_guide_v1,2026-10-10T04:57:08.997127+08:00,True,0.0
C1F941,雪嶺,2026-10-14,24.280586,121.026642,0.0021634386,,0.03,7.790889e-09,0.003400000045076,0.0010956946,0.3,0.0,74.0,12.816666666666668,70.625,0.6000000000000001,0.0,0.0,0.41,0.0,2770.0213957546184,0.0,0.0,1.0,0.0,0.0,1.0,0.9996391222379112,0.0,0.0321889109672002,0.0321889109672002,2771.0213957546184,37.13374725252063,27.700213957546183,1004.8393523141068,0.0,0.0,287.0,臺中市,二期作,C1F941_2026_2,2026-08-02,2026-11-03,2026-10-23,EPIRICE_BLB_source2023_guide_v1,2026-10-10T04:57:08.997127+08:00,True,0.0
C1F941,雪嶺,2026-10-15,24.280586,121.026642,0.0018422034,,0.04,6.0837153e-09,0.003000000026077,0.0009988205,0.3,0.0,75.0,12.808333333333332,79.5,0.0,0.0,0.0,0.41,0.0,2779.454929049593,0.0,0.0,1.0,0.0,0.0,1.0,0.9996403466247368,0.0,0.0321889109672002,0.0321889109672002,2780.454929049593,36.44083173161158,27.79454929049593,1032.5395662716528,0.0,0.0,288.0,臺中市,二期作,C1F941_2026_2,2026-08-02,2026-11-03,2026-10-23,EPIRICE_BLB_source2023_guide_v1,2026-10-10T04:57:08.997127+08:00,True,0.0
C1F941,雪嶺,2026-10-16,24.280586,121.026642,0.0020700365,,0.04,5.382877e-09,0.0024000001139938,0.0008963072,0.3,0.0,76.0,13.333333333333334,77.25,0.0,0.0,0.0,0.41,0.0,2788.1012114907085,0.0,0.0,1.0,0.0,0.0,1.0,0.9996414615590572,0.0,0.0321889109672002,0.0321889109672002,2789.1012114907085,35.80085656383813,27.881012114907087,1060.3341155621488,0.0,0.0,289.0,臺中市,二期作,C1F941_2026_2,2026-08-02,2026-11-03,2026-10-23,EPIRICE_BLB_source2023_guide_v1,2026-10-10T04:57:08.997127+08:00,True,0.0
C1F941,雪嶺,2026-10-17,24.280586,121.026642,0.0018186063,,0.05,4.8965307e-09,0.0020000000949949,0.0008258562,0.3,0.0,77.0,13.758333333333333,75.83333333333333,0.0,0.0,0.0,0.41,0.0,2796.02105593964,0.0,0.0,1.0,0.0,0.0,1.0,0.9996424767708214,0.0,0.0321889109672002,0.0321889109672002,2797.02105593964,35.210550396659066,27.9602105593964,1088.2151276770558,0.0,0.0,290.0,臺中市,二期作,C1F941_2026_2,2026-08-02,2026-11-03,2026-10-23,EPIRICE_BLB_source2023_guide_v1,2026-10-10T04:57:08.997127+08:00,True,0.0
C1F941,雪嶺,2026-10-18,24.280586,121.026642,0.0016010269,,0.04,4.0537804e-09,0.0015000000130385,0.0007772772,0.0,0.0,78.0,13.6125,75.0,0.0,0.0,0.0,0.41,0.0,2803.2713957769024,0.0,0.0,1.0,0.0,0.0,1.0,0.9996434011338896,0.0,0.0321889109672002,0.0321889109672002,2804.2713957769024,34.66670864716651,28.032713957769023,1116.1753382364525,0.0,0.0,291.0,臺中市,二期作,C1F941_2026_2,2026-08-02,2026-11-03,2026-10-23,EPIRICE_BLB_source2023_guide_v1,2026-10-10T04:57:08.997127+08:00,True,0.0
C1F941,雪嶺,2026-10-19,24.280586,121.026642,0.0013253929,,0.04,4.1364943e-09,0.001300000003539,0.0007388386,0.0,0.0,79.0,13.841666666666669,74.41666666666667,0.0,0.0,0.0,0.41,0.0,2809.9053904663,0.0,0.0,1.0,0.0,0.0,1.0,0.99964424273994,0.0,0.0321889109672002,0.0321889109672002,2810.9053904663,34.166220022816375,28.099053904663,1144.2080521942212,0.0,0.0,292.0,臺中市,二期作,C1F941_2026_2,2026-08-02,2026-11-03,2026-10-23,EPIRICE_BLB_source2023_guide_v1,2026-10-10T04:57:08.997127+08:00,True,
C1F941,雪嶺,2026-10-20,24.280586,121.026642,0.0012585135,,0.04,3.8726475e-09,0.0012000000569969,0.0006901671,0.0,0.0,80.0,14.083333333333334,73.04166666666667,0.0,0.0,0.0,0.41,0.0,2815.9725565844537,0.0,0.0,1.0,0.0,0.0,1.0,0.9996450089662172,0.0,0.0321889109672002,0.0321889109672002,2816.9725565844537,33.706086533652595,28.15972556584454,1172.307106098884,0.0,0.0,293.0,臺中市,二期作,C1F941_2026_2,2026-08-02,2026-11-03,2026-10-23,EPIRICE_BLB_source2023_guide_v1,2026-10-10T04:57:08.997127+08:00,True,
C1F941,雪嶺,2026-10-21,24.280586,121.026642,0.0014718714,,0.06,3.608637e-09,0.0012000000569969,0.0006396564,0.0,0.0,81.0,14.166666666666666,77.20833333333333,0.6000000000000001,0.0,0.0,0.41,0.0,2821.518917552262,0.0,0.0,1.0,0.0,0.0,1.0,0.999645706537596,0.0,0.0321889109672002,0.0321889109672002,2822.518917552262,33.283437973262444,28.21518917552262,1200.4668316647287,0.0,0.0,294.0,臺中市,二期作,C1F941_2026_2,2026-08-02,2026-11-03,2026-10-23,EPIRICE_BLB_source2023_guide_v1,2026-10-10T04:57:08.997127+08:00,True,
C1F941,雪嶺,2026-10-22,24.280586,121.026642,0.0014422429,,0.07,3.7891694e-09,0.0013999999500811,0.0006105071,0.3,0.0,82.0,13.925,79.16666666666667,0.6000000000000001,0.0,0.0,0.41,0.0,2826.587166350002,0.0,0.0,1.0,0.0,0.0,1.0,0.9996463415834176,0.0,0.0321889109672002,0.0321889109672002,2827.587166350002,32.89554175559758,28.265871663500025,1228.6820208402514,0.0,0.0,295.0,臺中市,二期作,C1F941_2026_2,2026-08-02,2026-11-03,2026-10-23,EPIRICE_BLB_source2023_guide_v1,2026-10-10T04:57:08.997127+08:00,True,
C1F941,雪嶺,2026-10-23,24.280586,121.026642,0.0013729635,,0.06,3.6732963e-09,0.0013999999500811,0.000590845,0.0,0.0,83.0,13.729166666666666,79.375,1.2000000000000002,0.0,0.0,0.41,0.0,2831.2168364420995,0.0,0.0,1.0,0.0,0.0,1.0,0.999646919689505,0.0,0.0321889109672002,0.0321889109672002,2832.2168364420995,32.539808900783314,28.312168364420994,1256.9478925037515,0.0,0.0,296.0,臺中市,二期作,C1F941_2026_2,2026-08-02,2026-11-03,2026-10-23,EPIRICE_BLB_source2023_guide_v1,2026-10-10T04:57:08.997127+08:00,True,
C1F941,雪嶺,2026-10-24,24.280586,121.026642,0.0011508788,,0.05,3.388139e-09,0.0013999999500811,0.0005823144,0.0,,,,,,,,,,,,,,,,,,,,,,,,,,,,,,,,,,,,,
C1F941,雪嶺,2026-10-25,24.280586,121.026642,0.0011954422,,0.05,3.1294132e-09,0.0010000000474974,0.0005781614,0.0,,,,,,,,,,,,,,,,,,,,,,,,,,,,,,,,,,,,,
C1F941,雪嶺,2026-10-26,24.280586,121.026642,0.0018585294,,0.06,3.2540748e-09,0.0006999999750405,0.0005736109,0.0,,,,,,,,,,,,,,,,,,,,,,,,,,,,,,,,,,,,,
C1F941,雪嶺,2026-10-27,24.280586,121.026642,0.003779013,,0.06,3.3243244e-09,0.0005,0.0005733338,0.0,,,,,,,,,,,,,,,,,,,,,,,,,,,,,,,,,,,,,
C1F941,雪嶺,2026-10-28,24.280586,121.026642,,,0.05,3.6248136e-09,,,0.0,,,,,,,,,,,,,,,,,,,,,,,,,,,,,,,,,,,,,
C1F941,雪嶺,2026-10-29,24.280586,121.026642,,,,,,,0.3,,,,,,,,,,,,,,,,,,,,,,,,,,,,,,,,,,,,,
C1F941,雪嶺,2026-10-30,24.280586,121.026642,,,,,,,0.0,,,,,,,,,,,,,,,,,,,,,,,,,,,,,,,,,,,,,
