站號,站名,日期,lat,lon,BlastGRU-TW,BlastDT2,BlastLSTLS,BLBTSLS,BlastTF,BlastGAT,BLASTAM,planthopper
U2HA30,臺大和社,2026-08-31,23.590856,120.888864,0.0069379285,1.0,0.81,0.0007833414,0.6090999841690063,0.9997244477,0.0,0.0
U2HA30,臺大和社,2026-09-01,23.590856,120.888864,0.0085021695,1.0,0.99,0.8497776,0.5734000205993652,0.9997320771,0.0,19.0
U2HA30,臺大和社,2026-09-02,23.590856,120.888864,0.004376864,1.0,1.0,0.93383944,0.6621999740600586,0.9997157454,1.0,26.0
U2HA30,臺大和社,2026-09-03,23.590856,120.888864,0.002920774,1.0,0.99,0.4180398,0.6869999766349792,0.9997443557,0.0,0.0
U2HA30,臺大和社,2026-09-04,23.590856,120.888864,0.004370486,1.0,0.99,0.1678771,0.763700008392334,0.999748528,0.0,0.0
U2HA30,臺大和社,2026-09-05,23.590856,120.888864,0.00609504,1.0,0.99,0.8336371,0.6905999779701233,0.999777019,0.0,0.0
U2HA30,臺大和社,2026-09-06,23.590856,120.888864,0.0082834745,1.0,0.99,0.77931106,0.6837999820709229,0.9997882247,1.0,0.0
U2HA30,臺大和社,2026-09-07,23.590856,120.888864,0.013049389,1.0,0.99,0.0008207721,0.5942999720573425,0.9997915626,1.0,0.0
U2HA30,臺大和社,2026-09-08,23.590856,120.888864,0.054768827,1.0,0.94,0.00853944,0.6299999952316284,0.9998014569,1.0,0.0
U2HA30,臺大和社,2026-09-09,23.590856,120.888864,0.3582197,1.0,0.96,0.96748257,0.5296000242233276,0.999809444,1.0,0.0
U2HA30,臺大和社,2026-09-10,23.590856,120.888864,0.7019943,1.0,0.99,0.104756914,0.5220000147819519,0.99981457,0.0,0.0
U2HA30,臺大和社,2026-09-11,23.590856,120.888864,0.95313525,1.0,0.99,6.666825e-05,0.5037999749183655,0.9998194575,0.0,0.0
U2HA30,臺大和社,2026-09-12,23.590856,120.888864,0.98696494,1.0,0.99,2.7715942e-07,0.5540000200271606,0.9998195767,1.0,0.0
U2HA30,臺大和社,2026-09-13,23.590856,120.888864,0.9954442,1.0,0.98,2.4822564e-08,0.61080002784729,0.9998168349,0.0,0.0
U2HA30,臺大和社,2026-09-14,23.590856,120.888864,0.9969007,1.0,0.99,7.2821913e-06,0.6525999903678894,0.9997987151,0.0,0.0
U2HA30,臺大和社,2026-09-15,23.590856,120.888864,0.9941352,1.0,0.99,2.0004622e-08,0.6326000094413757,0.9997752309,0.0,0.0
U2HA30,臺大和社,2026-09-16,23.590856,120.888864,0.98655754,1.0,1.0,4.2164527e-07,0.680899977684021,0.9997503161,0.0,0.0
U2HA30,臺大和社,2026-09-17,23.590856,120.888864,0.972072,1.0,1.0,0.004842525,0.6897000074386597,0.9997249246,0.0,0.0
U2HA30,臺大和社,2026-09-18,23.590856,120.888864,0.9850427,1.0,1.0,0.0017618781,0.6200000047683716,0.9997043014,0.0,0.0
U2HA30,臺大和社,2026-09-19,23.590856,120.888864,0.9903182,1.0,1.0,0.0009675436,0.6248000264167786,0.9996700287,0.0,0.0
U2HA30,臺大和社,2026-09-20,23.590856,120.888864,0.9934765,1.0,1.0,0.0033437887,0.567799985408783,0.9996143579,0.0,0.0
U2HA30,臺大和社,2026-09-21,23.590856,120.888864,0.99497724,1.0,1.0,0.00011552596,0.6175000071525574,0.9995406866,0.0,0.0
U2HA30,臺大和社,2026-09-22,23.590856,120.888864,0.9962268,1.0,1.0,0.0060836924,0.669700026512146,0.9994642138,0.0,0.0
U2HA30,臺大和社,2026-09-23,23.590856,120.888864,0.9970367,1.0,1.0,0.00039329132,0.7476000189781189,0.9993683696,0.0,0.0
U2HA30,臺大和社,2026-09-24,23.590856,120.888864,0.9970166,1.0,0.99,0.00069562055,0.7490000128746033,0.9993097782,0.0,0.0
U2HA30,臺大和社,2026-09-25,23.590856,120.888864,0.99479985,1.0,0.98,7.434388e-05,0.7505000233650208,0.9992271662,0.0,0.0
U2HA30,臺大和社,2026-09-26,23.590856,120.888864,0.9702967,1.0,0.99,0.0005028462,0.7145000100135803,0.9991372824,0.0,11.0
U2HA30,臺大和社,2026-09-27,23.590856,120.888864,0.8957639,1.0,0.98,0.00020014073,0.6937999725341797,0.999096036,0.0,11.0
U2HA30,臺大和社,2026-09-28,23.590856,120.888864,0.80264324,1.0,0.98,0.00019522855,0.6711999773979187,0.9989945292,0.0,0.0
U2HA30,臺大和社,2026-09-29,23.590856,120.888864,0.7636174,1.0,0.85,0.0005169189,0.6657999753952026,0.9988303781,0.0,0.0
U2HA30,臺大和社,2026-09-30,23.590856,120.888864,0.7384981,1.0,0.82,8.397848e-06,0.6746000051498413,0.9986881614,1.0,0.0
U2HA30,臺大和社,2026-10-01,23.590856,120.888864,0.775462,1.0,0.8,2.509817e-07,0.6963000297546387,0.9985414743,0.0,0.0
U2HA30,臺大和社,2026-10-02,23.590856,120.888864,0.81330466,1.0,0.95,2.8590494e-08,0.7038000226020813,0.9983206391,0.0,0.0
U2HA30,臺大和社,2026-10-03,23.590856,120.888864,0.874673,1.0,0.98,2.9522537e-08,0.7020999789237976,0.9979002476,0.0,0.0
U2HA30,臺大和社,2026-10-04,23.590856,120.888864,0.9110037,0.0,0.99,3.8141078e-08,0.6984000205993652,0.9974706173,0.0,0.0
U2HA30,臺大和社,2026-10-05,23.590856,120.888864,0.9217609,,0.99,3.025587e-08,0.6909000277519226,0.9971202612,0.0,0.0
U2HA30,臺大和社,2026-10-06,23.590856,120.888864,0.9185742,,0.99,2.3386774e-07,0.6887999773025513,0.9969443679,0.0,0.0
U2HA30,臺大和社,2026-10-07,23.590856,120.888864,0.92304456,,1.0,0.00041512854,0.6970000267028809,0.9970027804,0.0,0.0
U2HA30,臺大和社,2026-10-08,23.590856,120.888864,0.9090705,,1.0,0.10686312,0.7069000005722046,0.9971000552,1.0,0.0
U2HA30,臺大和社,2026-10-09,23.590856,120.888864,0.8375369,,1.0,0.4305312,0.7063999772071838,0.9971633554,1.0,0.0
U2HA30,臺大和社,2026-10-10,23.590856,120.888864,0.6813663,,1.0,0.9377644,0.6894999742507935,0.9971930385,1.0,
U2HA30,臺大和社,2026-10-11,23.590856,120.888864,0.59939075,,1.0,0.9868419,0.6809999942779541,0.9971536398,1.0,
U2HA30,臺大和社,2026-10-12,23.590856,120.888864,0.5614166,,1.0,0.9958993,0.675599992275238,0.9968634844,1.0,
U2HA30,臺大和社,2026-10-13,23.590856,120.888864,0.48297164,,1.0,0.9982062,0.6855000257492065,0.9965519905,1.0,
U2HA30,臺大和社,2026-10-14,23.590856,120.888864,0.5423647,,1.0,0.9987975,0.6940000057220459,0.9962622523,1.0,
U2HA30,臺大和社,2026-10-15,23.590856,120.888864,0.6470774,,1.0,0.9991821,0.6969000101089478,0.9958925247,1.0,
U2HA30,臺大和社,2026-10-16,23.590856,120.888864,0.6335102,,1.0,0.99931735,0.684499979019165,0.9952593446,1.0,
U2HA30,臺大和社,2026-10-17,23.590856,120.888864,0.46049446,,1.0,0.9984013,0.6660000085830688,0.9942492247,1.0,
U2HA30,臺大和社,2026-10-18,23.590856,120.888864,0.22757182,,1.0,0.99436176,0.6549,0.9929343462,1.0,
U2HA30,臺大和社,2026-10-19,23.590856,120.888864,,,1.0,0.99105924,,,1.0,
U2HA30,臺大和社,2026-10-20,23.590856,120.888864,,,,,,,1.0,
U2HA30,臺大和社,2026-10-21,23.590856,120.888864,,,,,,,1.0,
