feature,base_mcc,perm_mcc,mcc_drop
temperature_2m_mean_z,0.6871998186193661,0.37602131275080275,0.3111785058685633
temperature_2m_max_z,0.6871998186193661,0.44463948337741865,0.24256033524194742
temperature_2m_min_z,0.6871998186193661,0.4869821022832881,0.200217716336078
relative_humidity_2m_mean_z,0.6871998186193661,0.5933786463565035,0.09382117226286257
relative_humidity_2m_max_z,0.6871998186193661,0.6112283313782031,0.07597148724116298
precipitation_sum_log1p_z,0.6871998186193661,0.6112283313782031,0.07597148724116298
relative_humidity_2m_min_z,0.6871998186193661,0.6309189280647721,0.056280890554593954
wind_speed_10m_max_z,0.6871998186193661,0.6486420007420803,0.03855781787728574
wind_speed_10m_min_z,0.6871998186193661,0.6490866296254045,0.038113188993961544
wind_speed_10m_mean_z,0.6871998186193661,0.6682995203134476,0.01890029830591844
