year,n_records,severity_mean,severity_median,severe_rate_ge5,severe_rate_ge10,rank_by_mean
2014,20,14.290000000000001,1.0,0.3,0.3,2
2015,68,26.40294117647059,26.6,0.7794117647058824,0.7647058823529411,1
2016,76,0.24502631578947368,0.1825,0.0,0.0,12
2017,223,11.802600896860987,5.6,0.515695067264574,0.3991031390134529,3
2018,291,6.240926116838488,0.58,0.3161512027491409,0.20618556701030927,4
2019,189,2.515005291005291,0.98,0.14285714285714285,0.07936507936507936,5
2020,299,2.507847491638796,0.32,0.10702341137123746,0.06354515050167224,6
2021,314,1.8874363057324839,0.16,0.11464968152866242,0.07006369426751592,8
2022,498,2.033075192771084,0.42,0.10240963855421686,0.05622489959839357,7
2023,732,0.8479501926229508,0.12,0.03961748633879782,0.009562841530054645,10
2024,656,0.7671548109756098,0.0,0.05030487804878049,0.01676829268292683,11
2025,706,0.8754419263456091,0.0,0.03541076487252125,0.015580736543909348,9
